12,25,38,55,70,83,100,0
13,26,39,56,71,84,101,1
14,27,40,57,72,85,102,2
15,28,41,58,73,86,103,3
16,29,42,59,74,87,104,4
17,30,43,60,75,88,105,5
18,31,44,61,76,89,106,6
19,32,45,62,77,90,107,7
20,33,46,63,78,91,108,8
21,34,47,64,79,92,109,9
22,35,48,65,80,93,100,10
23,36,49,66,81,94,101,11
24,37,50,67,82,95,102,0
12,25,51,68,70,96,103,1
13,26,52,69,71,97,104,2
14,27,53,55,72,98,105,3
15,28,54,56,73,99,106,4
16,29,38,57,74,83,100,5
17,30,39,58,75,84,101,6
18,31,40,59,76,85,102,7
19,32,41,60,77,86,103,8
20,33,42,61,78,87,104,9
21,34,43,62,79,88,105,10
22,35,44,63,80,89,106,11
23,36,45,64,81,90,107,0
24,37,46,65,82,91,108,1
12,25,47,66,70,92,109,2
13,26,48,67,71,93,100,3
14,27,49,68,72,94,101,4
15,28,50,69,73,95,102,5
16,29,51,55,74,96,103,6
17,30,52,56,75,97,104,7
18,31,53,57,76,98,105,8
19,32,54,58,77,99,106,9
20,33,38,59,78,83,100,10
21,34,39,60,79,84,101,11
22,35,40,61,80,85,102,0
23,36,41,62,81,86,103,1
24,37,42,63,82,87,104,2
12,25,43,64,70,88,105,3
13,26,44,65,71,89,106,4
14,27,45,66,72,90,107,5
15,28,46,67,73,91,108,6
16,29,47,68,74,92,109,7
17,30,48,69,75,93,100,8
18,31,49,55,76,94,101,9
19,32,50,56,77,95,102,10
20,33,51,57,78,96,103,11
21,34,52,58,79,97,104,0
22,35,53,59,80,98,105,1
23,36,54,60,81,99,106,2
24,37,38,61,82,83,100,3
12,25,39,62,70,84,101,4
13,26,40,63,71,85,102,5
14,27,41,64,72,86,103,6
15,28,42,65,73,87,104,7
16,29,43,66,74,88,105,8
17,30,44,67,75,89,106,9
18,31,45,68,76,90,107,10
19,32,46,69,77,91,108,11
20,33,47,55,78,92,109,0
21,34,48,56,79,93,100,1
22,35,49,57,80,94,101,2
23,36,50,58,81,95,102,3
24,37,51,59,82,96,103,4
12,25,52,60,70,97,104,5
13,26,53,61,71,98,105,6
14,27,54,62,72,99,106,7
15,28,38,63,73,83,100,8
16,29,39,64,74,84,101,9
17,30,40,65,75,85,102,10
18,31,41,66,76,86,103,11
19,32,42,67,77,87,104,0
20,33,43,68,78,88,105,1
21,34,44,69,79,89,106,2
22,35,45,55,80,90,107,3
23,36,46,56,81,91,108,4
24,37,47,57,82,92,109,5
12,25,48,58,70,93,100,6
13,26,49,59,71,94,101,7
14,27,50,60,72,95,102,8
15,28,51,61,73,96,103,9
16,29,52,62,74,97,104,10
17,30,53,63,75,98,105,11
18,31,54,64,76,99,106,0
19,32,38,65,77,83,100,1
20,33,39,66,78,84,101,2
21,34,40,67,79,85,102,3
22,35,41,68,80,86,103,4
23,36,42,69,81,87,104,5
24,37,43,55,82,88,105,6
12,25,44,56,70,89,106,7
13,26,45,57,71,90,107,8
14,27,46,58,72,91,108,9
15,28,47,59,73,92,109,10
16,29,48,60,74,93,100,11
17,30,49,61,75,94,101,0
18,31,50,62,76,95,102,1
19,32,51,63,77,96,103,2
20,33,52,64,78,97,104,3
21,34,53,65,79,98,105,4
22,35,54,66,80,99,106,5
23,36,38,67,81,83,100,6
24,37,39,68,82,84,101,7
12,25,40,69,70,85,102,8
13,26,41,55,71,86,103,9
14,27,42,56,72,87,104,10
15,28,43,57,73,88,105,11
16,29,44,58,74,89,106,0
17,30,45,59,75,90,107,1
18,31,46,60,76,91,108,2
19,32,47,61,77,92,109,3
20,33,48,62,78,93,100,4
21,34,49,63,79,94,101,5
22,35,50,64,80,95,102,6
23,36,51,65,81,96,103,7
24,37,52,66,82,97,104,8
12,25,53,67,70,98,105,9
13,26,54,68,71,99,106,10
14,27,38,69,72,83,100,11
15,28,39,55,73,84,101,0
16,29,40,56,74,85,102,1
17,30,41,57,75,86,103,2
18,31,42,58,76,87,104,3
19,32,43,59,77,88,105,4
20,33,44,60,78,89,106,5
21,34,45,61,79,90,107,6
22,35,46,62,80,91,108,7
23,36,47,63,81,92,109,8
24,37,48,64,82,93,100,9
12,25,49,65,70,94,101,10
13,26,50,66,71,95,102,11
14,27,51,67,72,96,103,0
15,28,52,68,73,97,104,1
16,29,53,69,74,98,105,2
17,30,54,55,75,99,106,3
18,31,38,56,76,83,100,4
19,32,39,57,77,84,101,5
20,33,40,58,78,85,102,6
21,34,41,59,79,86,103,7
22,35,42,60,80,87,104,8
23,36,43,61,81,88,105,9
24,37,44,62,82,89,106,10
12,25,45,63,70,90,107,11
13,26,46,64,71,91,108,0
14,27,47,65,72,92,109,1
15,28,48,66,73,93,100,2
16,29,49,67,74,94,101,3
17,30,50,68,75,95,102,4
18,31,51,69,76,96,103,5
19,32,52,55,77,97,104,6
20,33,53,56,78,98,105,7
21,34,54,57,79,99,106,8
22,35,38,58,80,83,100,9
23,36,39,59,81,84,101,10
24,37,40,60,82,85,102,11
12,25,41,61,70,86,103,0
13,26,42,62,71,87,104,1
14,27,43,63,72,88,105,2
15,28,44,64,73,89,106,3
16,29,45,65,74,90,107,4
17,30,46,66,75,91,108,5
18,31,47,67,76,92,109,6
19,32,48,68,77,93,100,7
20,33,49,69,78,94,101,8
21,34,50,55,79,95,102,9
22,35,51,56,80,96,103,10
23,36,52,57,81,97,104,11
24,37,53,58,82,98,105,0
12,25,54,59,70,99,106,1
13,26,38,60,71,83,100,2
14,27,39,61,72,84,101,3
15,28,40,62,73,85,102,4
16,29,41,63,74,86,103,5
17,30,42,64,75,87,104,6
18,31,43,65,76,88,105,7
19,32,44,66,77,89,106,8
20,33,45,67,78,90,107,9
21,34,46,68,79,91,108,10
22,35,47,69,80,92,109,11
23,36,48,55,81,93,100,0
24,37,49,56,82,94,101,1
12,25,50,57,70,95,102,2
13,26,51,58,71,96,103,3
14,27,52,59,72,97,104,4
15,28,53,60,73,98,105,5
16,29,54,61,74,99,106,6
17,30,38,62,75,83,100,7
18,31,39,63,76,84,101,8
19,32,40,64,77,85,102,9
20,33,41,65,78,86,103,10
21,34,42,66,79,87,104,11
22,35,43,67,80,88,105,0
23,36,44,68,81,89,106,1
24,37,45,69,82,90,107,2
12,25,46,55,70,91,108,3
13,26,47,56,71,92,109,4
14,27,48,57,72,93,100,5
15,28,49,58,73,94,101,6
16,29,50,59,74,95,102,7
17,30,51,60,75,96,103,8
18,31,52,61,76,97,104,9
19,32,53,62,77,98,105,10
20,33,54,63,78,99,106,11
21,34,38,64,79,83,100,0
22,35,39,65,80,84,101,1
23,36,40,66,81,85,102,2
24,37,41,67,82,86,103,3
12,25,42,68,70,87,104,4
13,26,43,69,71,88,105,5
14,27,44,55,72,89,106,6
15,28,45,56,73,90,107,7
16,29,46,57,74,91,108,8
17,30,47,58,75,92,109,9
18,31,48,59,76,93,100,10
19,32,49,60,77,94,101,11
20,33,50,61,78,95,102,0
21,34,51,62,79,96,103,1
22,35,52,63,80,97,104,2
23,36,53,64,81,98,105,3
24,37,54,65,82,99,106,4
12,25,38,66,70,83,100,5
13,26,39,67,71,84,101,6
14,27,40,68,72,85,102,7
15,28,41,69,73,86,103,8
16,29,42,55,74,87,104,9
17,30,43,56,75,88,105,10
18,31,44,57,76,89,106,11
19,32,45,58,77,90,107,0
20,33,46,59,78,91,108,1
21,34,47,60,79,92,109,2
22,35,48,61,80,93,100,3
23,36,49,62,81,94,101,4
24,37,50,63,82,95,102,5
12,25,51,64,70,96,103,6
13,26,52,65,71,97,104,7
14,27,53,66,72,98,105,8
15,28,54,67,73,99,106,9
16,29,38,68,74,83,100,10
17,30,39,69,75,84,101,11
18,31,40,55,76,85,102,0
19,32,41,56,77,86,103,1
20,33,42,57,78,87,104,2
21,34,43,58,79,88,105,3
22,35,44,59,80,89,106,4
23,36,45,60,81,90,107,5
24,37,46,61,82,91,108,6
12,25,47,62,70,92,109,7
13,26,48,63,71,93,100,8
14,27,49,64,72,94,101,9
15,28,50,65,73,95,102,10
16,29,51,66,74,96,103,11
17,30,52,67,75,97,104,0
18,31,53,68,76,98,105,1
19,32,54,69,77,99,106,2
20,33,38,55,78,83,100,3
21,34,39,56,79,84,101,4
22,35,40,57,80,85,102,5
23,36,41,58,81,86,103,6
24,37,42,59,82,87,104,7
12,25,43,60,70,88,105,8
13,26,44,61,71,89,106,9
14,27,45,62,72,90,107,10
15,28,46,63,73,91,108,11
16,29,47,64,74,92,109,0
17,30,48,65,75,93,100,1
18,31,49,66,76,94,101,2
19,32,50,67,77,95,102,3
20,33,51,68,78,96,103,4
21,34,52,69,79,97,104,5
22,35,53,55,80,98,105,6
23,36,54,56,81,99,106,7
24,37,38,57,82,83,100,8
12,25,39,58,70,84,101,9
13,26,40,59,71,85,102,10
14,27,41,60,72,86,103,11
15,28,42,61,73,87,104,0
16,29,43,62,74,88,105,1
17,30,44,63,75,89,106,2
18,31,45,64,76,90,107,3
19,32,46,65,77,91,108,4
20,33,47,66,78,92,109,5
21,34,48,67,79,93,100,6
22,35,49,68,80,94,101,7
23,36,50,69,81,95,102,8
24,37,51,55,82,96,103,9
12,25,52,56,70,97,104,10
13,26,53,57,71,98,105,11
14,27,54,58,72,99,106,0
15,28,38,59,73,83,100,1
16,29,39,60,74,84,101,2
17,30,40,61,75,85,102,3
18,31,41,62,76,86,103,4
19,32,42,63,77,87,104,5
20,33,43,64,78,88,105,6
21,34,44,65,79,89,106,7
22,35,45,66,80,90,107,8
23,36,46,67,81,91,108,9
24,37,47,68,82,92,109,10
12,25,48,69,70,93,100,11
13,26,49,55,71,94,101,0
14,27,50,56,72,95,102,1
15,28,51,57,73,96,103,2
16,29,52,58,74,97,104,3
17,30,53,59,75,98,105,4
18,31,54,60,76,99,106,5
19,32,38,61,77,83,100,6
20,33,39,62,78,84,101,7
21,34,40,63,79,85,102,8
22,35,41,64,80,86,103,9
23,36,42,65,81,87,104,10
24,37,43,66,82,88,105,11
12,25,44,67,70,89,106,0
13,26,45,68,71,90,107,1
14,27,46,69,72,91,108,2
15,28,47,55,73,92,109,3
16,29,48,56,74,93,100,4
17,30,49,57,75,94,101,5
18,31,50,58,76,95,102,6
19,32,51,59,77,96,103,7
20,33,52,60,78,97,104,8
21,34,53,61,79,98,105,9
22,35,54,62,80,99,106,10
23,36,38,63,81,83,100,11
24,37,39,64,82,84,101,0
12,25,40,65,70,85,102,1
13,26,41,66,71,86,103,2
14,27,42,67,72,87,104,3
15,28,43,68,73,88,105,4
16,29,44,69,74,89,106,5
17,30,45,55,75,90,107,6
18,31,46,56,76,91,108,7
19,32,47,57,77,92,109,8
20,33,48,58,78,93,100,9
21,34,49,59,79,94,101,10
22,35,50,60,80,95,102,11
23,36,51,61,81,96,103,0
24,37,52,62,82,97,104,1
12,25,53,63,70,98,105,2
13,26,54,64,71,99,106,3
14,27,38,65,72,83,100,4
15,28,39,66,73,84,101,5
16,29,40,67,74,85,102,6
17,30,41,68,75,86,103,7
18,31,42,69,76,87,104,8
19,32,43,55,77,88,105,9
20,33,44,56,78,89,106,10
21,34,45,57,79,90,107,11
22,35,46,58,80,91,108,0
23,36,47,59,81,92,109,1
24,37,48,60,82,93,100,2
12,25,49,61,70,94,101,3
13,26,50,62,71,95,102,4
14,27,51,63,72,96,103,5
15,28,52,64,73,97,104,6
16,29,53,65,74,98,105,7
17,30,54,66,75,99,106,8
18,31,38,67,76,83,100,9
19,32,39,68,77,84,101,10
20,33,40,69,78,85,102,11
21,34,41,55,79,86,103,0
22,35,42,56,80,87,104,1
23,36,43,57,81,88,105,2
24,37,44,58,82,89,106,3
12,25,45,59,70,90,107,4
13,26,46,60,71,91,108,5
14,27,47,61,72,92,109,6
15,28,48,62,73,93,100,7
16,29,49,63,74,94,101,8
17,30,50,64,75,95,102,9
18,31,51,65,76,96,103,10
19,32,52,66,77,97,104,11
20,33,53,67,78,98,105,0
21,34,54,68,79,99,106,1
22,35,38,69,80,83,100,2
23,36,39,55,81,84,101,3
24,37,40,56,82,85,102,4
12,25,41,57,70,86,103,5
13,26,42,58,71,87,104,6
14,27,43,59,72,88,105,7
15,28,44,60,73,89,106,8
16,29,45,61,74,90,107,9
17,30,46,62,75,91,108,10
18,31,47,63,76,92,109,11
19,32,48,64,77,93,100,0
20,33,49,65,78,94,101,1
21,34,50,66,79,95,102,2
22,35,51,67,80,96,103,3
23,36,52,68,81,97,104,4
24,37,53,69,82,98,105,5
12,25,54,55,70,99,106,6
13,26,38,56,71,83,100,7
14,27,39,57,72,84,101,8
15,28,40,58,73,85,102,9
16,29,41,59,74,86,103,10
17,30,42,60,75,87,104,11
18,31,43,61,76,88,105,0
19,32,44,62,77,89,106,1
20,33,45,63,78,90,107,2
21,34,46,64,79,91,108,3
22,35,47,65,80,92,109,4
23,36,48,66,81,93,100,5
24,37,49,67,82,94,101,6
12,25,50,68,70,95,102,7
13,26,51,69,71,96,103,8
14,27,52,55,72,97,104,9
15,28,53,56,73,98,105,10
16,29,54,57,74,99,106,11
17,30,38,58,75,83,100,0
18,31,39,59,76,84,101,1
19,32,40,60,77,85,102,2
20,33,41,61,78,86,103,3
21,34,42,62,79,87,104,4
22,35,43,63,80,88,105,5
23,36,44,64,81,89,106,6
24,37,45,65,82,90,107,7
12,25,46,66,70,91,108,8
13,26,47,67,71,92,109,9
14,27,48,68,72,93,100,10
15,28,49,69,73,94,101,11
16,29,50,55,74,95,102,0
17,30,51,56,75,96,103,1
18,31,52,57,76,97,104,2
19,32,53,58,77,98,105,3
20,33,54,59,78,99,106,4
21,34,38,60,79,83,100,5
22,35,39,61,80,84,101,6
23,36,40,62,81,85,102,7
24,37,41,63,82,86,103,8
12,25,42,64,70,87,104,9
13,26,43,65,71,88,105,10
14,27,44,66,72,89,106,11
15,28,45,67,73,90,107,0
16,29,46,68,74,91,108,1
17,30,47,69,75,92,109,2
18,31,48,55,76,93,100,3
19,32,49,56,77,94,101,4
20,33,50,57,78,95,102,5
21,34,51,58,79,96,103,6
22,35,52,59,80,97,104,7
23,36,53,60,81,98,105,8
24,37,54,61,82,99,106,9
12,25,38,62,70,83,100,10
13,26,39,63,71,84,101,11
14,27,40,64,72,85,102,0
15,28,41,65,73,86,103,1
16,29,42,66,74,87,104,2
17,30,43,67,75,88,105,3
18,31,44,68,76,89,106,4
19,32,45,69,77,90,107,5
20,33,46,55,78,91,108,6
21,34,47,56,79,92,109,7
22,35,48,57,80,93,100,8
23,36,49,58,81,94,101,9
24,37,50,59,82,95,102,10
12,25,51,60,70,96,103,11
13,26,52,61,71,97,104,0
14,27,53,62,72,98,105,1
15,28,54,63,73,99,106,2
16,29,38,64,74,83,100,3
17,30,39,65,75,84,101,4
18,31,40,66,76,85,102,5
19,32,41,67,77,86,103,6
20,33,42,68,78,87,104,7
21,34,43,69,79,88,105,8
22,35,44,55,80,89,106,9
23,36,45,56,81,90,107,10
24,37,46,57,82,91,108,11
12,25,47,58,70,92,109,0
13,26,48,59,71,93,100,1
14,27,49,60,72,94,101,2
15,28,50,61,73,95,102,3
16,29,51,62,74,96,103,4
17,30,52,63,75,97,104,5
18,31,53,64,76,98,105,6
19,32,54,65,77,99,106,7
20,33,38,66,78,83,100,8
21,34,39,67,79,84,101,9
22,35,40,68,80,85,102,10
23,36,41,69,81,86,103,11
24,37,42,55,82,87,104,0
12,25,43,56,70,88,105,1
13,26,44,57,71,89,106,2
14,27,45,58,72,90,107,3
15,28,46,59,73,91,108,4
16,29,47,60,74,92,109,5
17,30,48,61,75,93,100,6
18,31,49,62,76,94,101,7
19,32,50,63,77,95,102,8
20,33,51,64,78,96,103,9
21,34,52,65,79,97,104,10
22,35,53,66,80,98,105,11
23,36,54,67,81,99,106,0
24,37,38,68,82,83,100,1
12,25,39,69,70,84,101,2
13,26,40,55,71,85,102,3
14,27,41,56,72,86,103,4
15,28,42,57,73,87,104,5
16,29,43,58,74,88,105,6
17,30,44,59,75,89,106,7
18,31,45,60,76,90,107,8
19,32,46,61,77,91,108,9
20,33,47,62,78,92,109,10
21,34,48,63,79,93,100,11
22,35,49,64,80,94,101,0
23,36,50,65,81,95,102,1
24,37,51,66,82,96,103,2
12,25,52,67,70,97,104,3
13,26,53,68,71,98,105,4
14,27,54,69,72,99,106,5
15,28,38,55,73,83,100,6
16,29,39,56,74,84,101,7
17,30,40,57,75,85,102,8
18,31,41,58,76,86,103,9
19,32,42,59,77,87,104,10
20,33,43,60,78,88,105,11
21,34,44,61,79,89,106,0
22,35,45,62,80,90,107,1
23,36,46,63,81,91,108,2
24,37,47,64,82,92,109,3
12,25,48,65,70,93,100,4
13,26,49,66,71,94,101,5
14,27,50,67,72,95,102,6
15,28,51,68,73,96,103,7
16,29,52,69,74,97,104,8
17,30,53,55,75,98,105,9
18,31,54,56,76,99,106,10
19,32,38,57,77,83,100,11
20,33,39,58,78,84,101,0
21,34,40,59,79,85,102,1
22,35,41,60,80,86,103,2
23,36,42,61,81,87,104,3
24,37,43,62,82,88,105,4
12,25,44,63,70,89,106,5
13,26,45,64,71,90,107,6
14,27,46,65,72,91,108,7
15,28,47,66,73,92,109,8
16,29,48,67,74,93,100,9
17,30,49,68,75,94,101,10
18,31,50,69,76,95,102,11
19,32,51,55,77,96,103,0
20,33,52,56,78,97,104,1
21,34,53,57,79,98,105,2
22,35,54,58,80,99,106,3
23,36,38,59,81,83,100,4
24,37,39,60,82,84,101,5
12,25,40,61,70,85,102,6
13,26,41,62,71,86,103,7
14,27,42,63,72,87,104,8
15,28,43,64,73,88,105,9
16,29,44,65,74,89,106,10
17,30,45,66,75,90,107,11
18,31,46,67,76,91,108,0
19,32,47,68,77,92,109,1
20,33,48,69,78,93,100,2
21,34,49,55,79,94,101,3
22,35,50,56,80,95,102,4
23,36,51,57,81,96,103,5
24,37,52,58,82,97,104,6
12,25,53,59,70,98,105,7
13,26,54,60,71,99,106,8
14,27,38,61,72,83,100,9
15,28,39,62,73,84,101,10
16,29,40,63,74,85,102,11
17,30,41,64,75,86,103,0
18,31,42,65,76,87,104,1
19,32,43,66,77,88,105,2
20,33,44,67,78,89,106,3
21,34,45,68,79,90,107,4
22,35,46,69,80,91,108,5
23,36,47,55,81,92,109,6
24,37,48,56,82,93,100,7
12,25,49,57,70,94,101,8
13,26,50,58,71,95,102,9
14,27,51,59,72,96,103,10
15,28,52,60,73,97,104,11
16,29,53,61,74,98,105,0
17,30,54,62,75,99,106,1
18,31,38,63,76,83,100,2
19,32,39,64,77,84,101,3
20,33,40,65,78,85,102,4
21,34,41,66,79,86,103,5
22,35,42,67,80,87,104,6
23,36,43,68,81,88,105,7
24,37,44,69,82,89,106,8
12,25,45,55,70,90,107,9
13,26,46,56,71,91,108,10
14,27,47,57,72,92,109,11
15,28,48,58,73,93,100,0
16,29,49,59,74,94,101,1
17,30,50,60,75,95,102,2
18,31,51,61,76,96,103,3
19,32,52,62,77,97,104,4
20,33,53,63,78,98,105,5
21,34,54,64,79,99,106,6
22,35,38,65,80,83,100,7
23,36,39,66,81,84,101,8
24,37,40,67,82,85,102,9
12,25,41,68,70,86,103,10
13,26,42,69,71,87,104,11
14,27,43,55,72,88,105,0
15,28,44,56,73,89,106,1
16,29,45,57,74,90,107,2
17,30,46,58,75,91,108,3
18,31,47,59,76,92,109,4
19,32,48,60,77,93,100,5
20,33,49,61,78,94,101,6
21,34,50,62,79,95,102,7
22,35,51,63,80,96,103,8
23,36,52,64,81,97,104,9
24,37,53,65,82,98,105,10
12,25,54,66,70,99,106,11
13,26,38,67,71,83,100,0
14,27,39,68,72,84,101,1
15,28,40,69,73,85,102,2
16,29,41,55,74,86,103,3
17,30,42,56,75,87,104,4
18,31,43,57,76,88,105,5
19,32,44,58,77,89,106,6
20,33,45,59,78,90,107,7
21,34,46,60,79,91,108,8
22,35,47,61,80,92,109,9
23,36,48,62,81,93,100,10
24,37,49,63,82,94,101,11
12,25,50,64,70,95,102,0
13,26,51,65,71,96,103,1
14,27,52,66,72,97,104,2
15,28,53,67,73,98,105,3
16,29,54,68,74,99,106,4
17,30,38,69,75,83,100,5
18,31,39,55,76,84,101,6
19,32,40,56,77,85,102,7
20,33,41,57,78,86,103,8
21,34,42,58,79,87,104,9
22,35,43,59,80,88,105,10
23,36,44,60,81,89,106,11
24,37,45,61,82,90,107,0
12,25,46,62,70,91,108,1
13,26,47,63,71,92,109,2
14,27,48,64,72,93,100,3
15,28,49,65,73,94,101,4
16,29,50,66,74,95,102,5
17,30,51,67,75,96,103,6
18,31,52,68,76,97,104,7
19,32,53,69,77,98,105,8
20,33,54,55,78,99,106,9
21,34,38,56,79,83,100,10
22,35,39,57,80,84,101,11
23,36,40,58,81,85,102,0
24,37,41,59,82,86,103,1
12,25,42,60,70,87,104,2
13,26,43,61,71,88,105,3
14,27,44,62,72,89,106,4
15,28,45,63,73,90,107,5
16,29,46,64,74,91,108,6
17,30,47,65,75,92,109,7
18,31,48,66,76,93,100,8
19,32,49,67,77,94,101,9
20,33,50,68,78,95,102,10
21,34,51,69,79,96,103,11
22,35,52,55,80,97,104,0
23,36,53,56,81,98,105,1
24,37,54,57,82,99,106,2
12,25,38,58,70,83,100,3
13,26,39,59,71,84,101,4
14,27,40,60,72,85,102,5
15,28,41,61,73,86,103,6
16,29,42,62,74,87,104,7
17,30,43,63,75,88,105,8
18,31,44,64,76,89,106,9
19,32,45,65,77,90,107,10
20,33,46,66,78,91,108,11
21,34,47,67,79,92,109,0
22,35,48,68,80,93,100,1
23,36,49,69,81,94,101,2
24,37,50,55,82,95,102,3
12,25,51,56,70,96,103,4
13,26,52,57,71,97,104,5
14,27,53,58,72,98,105,6
15,28,54,59,73,99,106,7
16,29,38,60,74,83,100,8
17,30,39,61,75,84,101,9
18,31,40,62,76,85,102,10
19,32,41,63,77,86,103,11
20,33,42,64,78,87,104,0
21,34,43,65,79,88,105,1
22,35,44,66,80,89,106,2
23,36,45,67,81,90,107,3
24,37,46,68,82,91,108,4
12,25,47,69,70,92,109,5
13,26,48,55,71,93,100,6
14,27,49,56,72,94,101,7
15,28,50,57,73,95,102,8
16,29,51,58,74,96,103,9
17,30,52,59,75,97,104,10
18,31,53,60,76,98,105,11
19,32,54,61,77,99,106,0
20,33,38,62,78,83,100,1
21,34,39,63,79,84,101,2
22,35,40,64,80,85,102,3
23,36,41,65,81,86,103,4
24,37,42,66,82,87,104,5
12,25,43,67,70,88,105,6
13,26,44,68,71,89,106,7
14,27,45,69,72,90,107,8
15,28,46,55,73,91,108,9
16,29,47,56,74,92,109,10
17,30,48,57,75,93,100,11
18,31,49,58,76,94,101,0
19,32,50,59,77,95,102,1
20,33,51,60,78,96,103,2
21,34,52,61,79,97,104,3
22,35,53,62,80,98,105,4
23,36,54,63,81,99,106,5
24,37,38,64,82,83,100,6
12,25,39,65,70,84,101,7
13,26,40,66,71,85,102,8
14,27,41,67,72,86,103,9
15,28,42,68,73,87,104,10
16,29,43,69,74,88,105,11
17,30,44,55,75,89,106,0
18,31,45,56,76,90,107,1
19,32,46,57,77,91,108,2
20,33,47,58,78,92,109,3
21,34,48,59,79,93,100,4
22,35,49,60,80,94,101,5
23,36,50,61,81,95,102,6
24,37,51,62,82,96,103,7
12,25,52,63,70,97,104,8
13,26,53,64,71,98,105,9
14,27,54,65,72,99,106,10
15,28,38,66,73,83,100,11
16,29,39,67,74,84,101,0
17,30,40,68,75,85,102,1
18,31,41,69,76,86,103,2
19,32,42,55,77,87,104,3
20,33,43,56,78,88,105,4
21,34,44,57,79,89,106,5
22,35,45,58,80,90,107,6
23,36,46,59,81,91,108,7
24,37,47,60,82,92,109,8
12,25,48,61,70,93,100,9
13,26,49,62,71,94,101,10
14,27,50,63,72,95,102,11
15,28,51,64,73,96,103,0
16,29,52,65,74,97,104,1
17,30,53,66,75,98,105,2
18,31,54,67,76,99,106,3
19,32,38,68,77,83,100,4
20,33,39,69,78,84,101,5
21,34,40,55,79,85,102,6
22,35,41,56,80,86,103,7
23,36,42,57,81,87,104,8
24,37,43,58,82,88,105,9
12,25,44,59,70,89,106,10
13,26,45,60,71,90,107,11
14,27,46,61,72,91,108,0
15,28,47,62,73,92,109,1
16,29,48,63,74,93,100,2
17,30,49,64,75,94,101,3
18,31,50,65,76,95,102,4
19,32,51,66,77,96,103,5
20,33,52,67,78,97,104,6
21,34,53,68,79,98,105,7
22,35,54,69,80,99,106,8
23,36,38,55,81,83,100,9
24,37,39,56,82,84,101,10
12,25,40,57,70,85,102,11
13,26,41,58,71,86,103,0
14,27,42,59,72,87,104,1
15,28,43,60,73,88,105,2
16,29,44,61,74,89,106,3
17,30,45,62,75,90,107,4
18,31,46,63,76,91,108,5
19,32,47,64,77,92,109,6
20,33,48,65,78,93,100,7
21,34,49,66,79,94,101,8
22,35,50,67,80,95,102,9
23,36,51,68,81,96,103,10
24,37,52,69,82,97,104,11
12,25,53,55,70,98,105,0
13,26,54,56,71,99,106,1
14,27,38,57,72,83,100,2
15,28,39,58,73,84,101,3
16,29,40,59,74,85,102,4
17,30,41,60,75,86,103,5
18,31,42,61,76,87,104,6
19,32,43,62,77,88,105,7
20,33,44,63,78,89,106,8
21,34,45,64,79,90,107,9
22,35,46,65,80,91,108,10
23,36,47,66,81,92,109,11
24,37,48,67,82,93,100,0
12,25,49,68,70,94,101,1
13,26,50,69,71,95,102,2
14,27,51,55,72,96,103,3
15,28,52,56,73,97,104,4
16,29,53,57,74,98,105,5
17,30,54,58,75,99,106,6
18,31,38,59,76,83,100,7
19,32,39,60,77,84,101,8
20,33,40,61,78,85,102,9
21,34,41,62,79,86,103,10
22,35,42,63,80,87,104,11
23,36,43,64,81,88,105,0
24,37,44,65,82,89,106,1
12,25,45,66,70,90,107,2
13,26,46,67,71,91,108,3
14,27,47,68,72,92,109,4
15,28,48,69,73,93,100,5
16,29,49,55,74,94,101,6
17,30,50,56,75,95,102,7
18,31,51,57,76,96,103,8
19,32,52,58,77,97,104,9
20,33,53,59,78,98,105,10
21,34,54,60,79,99,106,11
22,35,38,61,80,83,100,0
23,36,39,62,81,84,101,1
24,37,40,63,82,85,102,2
12,25,41,64,70,86,103,3
13,26,42,65,71,87,104,4
14,27,43,66,72,88,105,5
15,28,44,67,73,89,106,6
16,29,45,68,74,90,107,7
17,30,46,69,75,91,108,8
18,31,47,55,76,92,109,9
19,32,48,56,77,93,100,10
20,33,49,57,78,94,101,11
21,34,50,58,79,95,102,0
22,35,51,59,80,96,103,1
23,36,52,60,81,97,104,2
24,37,53,61,82,98,105,3
12,25,54,62,70,99,106,4
13,26,38,63,71,83,100,5
14,27,39,64,72,84,101,6
15,28,40,65,73,85,102,7
16,29,41,66,74,86,103,8
17,30,42,67,75,87,104,9
18,31,43,68,76,88,105,10
19,32,44,69,77,89,106,11
20,33,45,55,78,90,107,0
21,34,46,56,79,91,108,1
22,35,47,57,80,92,109,2
23,36,48,58,81,93,100,3
24,37,49,59,82,94,101,4
12,25,50,60,70,95,102,5
13,26,51,61,71,96,103,6
14,27,52,62,72,97,104,7
15,28,53,63,73,98,105,8
16,29,54,64,74,99,106,9
17,30,38,65,75,83,100,10
18,31,39,66,76,84,101,11
19,32,40,67,77,85,102,0
20,33,41,68,78,86,103,1
21,34,42,69,79,87,104,2
22,35,43,55,80,88,105,3
23,36,44,56,81,89,106,4
24,37,45,57,82,90,107,5
12,25,46,58,70,91,108,6
13,26,47,59,71,92,109,7
14,27,48,60,72,93,100,8
15,28,49,61,73,94,101,9
16,29,50,62,74,95,102,10
17,30,51,63,75,96,103,11
18,31,52,64,76,97,104,0
19,32,53,65,77,98,105,1
20,33,54,66,78,99,106,2
21,34,38,67,79,83,100,3
22,35,39,68,80,84,101,4
23,36,40,69,81,85,102,5
24,37,41,55,82,86,103,6
12,25,42,56,70,87,104,7
13,26,43,57,71,88,105,8
14,27,44,58,72,89,106,9
15,28,45,59,73,90,107,10
16,29,46,60,74,91,108,11
17,30,47,61,75,92,109,0
18,31,48,62,76,93,100,1
19,32,49,63,77,94,101,2
20,33,50,64,78,95,102,3
21,34,51,65,79,96,103,4
22,35,52,66,80,97,104,5
23,36,53,67,81,98,105,6
24,37,54,68,82,99,106,7
12,25,38,69,70,83,100,8
13,26,39,55,71,84,101,9
14,27,40,56,72,85,102,10
15,28,41,57,73,86,103,11
16,29,42,58,74,87,104,0
17,30,43,59,75,88,105,1
18,31,44,60,76,89,106,2
19,32,45,61,77,90,107,3
20,33,46,62,78,91,108,4
21,34,47,63,79,92,109,5
22,35,48,64,80,93,100,6
23,36,49,65,81,94,101,7
24,37,50,66,82,95,102,8
12,25,51,67,70,96,103,9
13,26,52,68,71,97,104,10
14,27,53,69,72,98,105,11
15,28,54,55,73,99,106,0
16,29,38,56,74,83,100,1
17,30,39,57,75,84,101,2
18,31,40,58,76,85,102,3
19,32,41,59,77,86,103,4
20,33,42,60,78,87,104,5
21,34,43,61,79,88,105,6
22,35,44,62,80,89,106,7
23,36,45,63,81,90,107,8
24,37,46,64,82,91,108,9
12,25,47,65,70,92,109,10
13,26,48,66,71,93,100,11
14,27,49,67,72,94,101,0
15,28,50,68,73,95,102,1
16,29,51,69,74,96,103,2
17,30,52,55,75,97,104,3
18,31,53,56,76,98,105,4
19,32,54,57,77,99,106,5
20,33,38,58,78,83,100,6
21,34,39,59,79,84,101,7
22,35,40,60,80,85,102,8
23,36,41,61,81,86,103,9
24,37,42,62,82,87,104,10
12,25,43,63,70,88,105,11
13,26,44,64,71,89,106,0
14,27,45,65,72,90,107,1
15,28,46,66,73,91,108,2
16,29,47,67,74,92,109,3
17,30,48,68,75,93,100,4
18,31,49,69,76,94,101,5
19,32,50,55,77,95,102,6
20,33,51,56,78,96,103,7
21,34,52,57,79,97,104,8
22,35,53,58,80,98,105,9
23,36,54,59,81,99,106,10
24,37,38,60,82,83,100,11
12,25,39,61,70,84,101,0
13,26,40,62,71,85,102,1
14,27,41,63,72,86,103,2
15,28,42,64,73,87,104,3
16,29,43,65,74,88,105,4
17,30,44,66,75,89,106,5
18,31,45,67,76,90,107,6
19,32,46,68,77,91,108,7
20,33,47,69,78,92,109,8
21,34,48,55,79,93,100,9
22,35,49,56,80,94,101,10
23,36,50,57,81,95,102,11
24,37,51,58,82,96,103,0
12,25,52,59,70,97,104,1
13,26,53,60,71,98,105,2
14,27,54,61,72,99,106,3
15,28,38,62,73,83,100,4
16,29,39,63,74,84,101,5
17,30,40,64,75,85,102,6
18,31,41,65,76,86,103,7
19,32,42,66,77,87,104,8
20,33,43,67,78,88,105,9
21,34,44,68,79,89,106,10
22,35,45,69,80,90,107,11
23,36,46,55,81,91,108,0
24,37,47,56,82,92,109,1
12,25,48,57,70,93,100,2
13,26,49,58,71,94,101,3
14,27,50,59,72,95,102,4
15,28,51,60,73,96,103,5
16,29,52,61,74,97,104,6
17,30,53,62,75,98,105,7
18,31,54,63,76,99,106,8
19,32,38,64,77,83,100,9
20,33,39,65,78,84,101,10
21,34,40,66,79,85,102,11
22,35,41,67,80,86,103,0
23,36,42,68,81,87,104,1
24,37,43,69,82,88,105,2
12,25,44,55,70,89,106,3
13,26,45,56,71,90,107,4
14,27,46,57,72,91,108,5
15,28,47,58,73,92,109,6
16,29,48,59,74,93,100,7
17,30,49,60,75,94,101,8
18,31,50,61,76,95,102,9
19,32,51,62,77,96,103,10
20,33,52,63,78,97,104,11
21,34,53,64,79,98,105,0
22,35,54,65,80,99,106,1
23,36,38,66,81,83,100,2
24,37,39,67,82,84,101,3
12,25,40,68,70,85,102,4
13,26,41,69,71,86,103,5
14,27,42,55,72,87,104,6
15,28,43,56,73,88,105,7
16,29,44,57,74,89,106,8
17,30,45,58,75,90,107,9
18,31,46,59,76,91,108,10
19,32,47,60,77,92,109,11
20,33,48,61,78,93,100,0
21,34,49,62,79,94,101,1
22,35,50,63,80,95,102,2
23,36,51,64,81,96,103,3
24,37,52,65,82,97,104,4
12,25,53,66,70,98,105,5
13,26,54,67,71,99,106,6
14,27,38,68,72,83,100,7
15,28,39,69,73,84,101,8
16,29,40,55,74,85,102,9
17,30,41,56,75,86,103,10
18,31,42,57,76,87,104,11
19,32,43,58,77,88,105,0
20,33,44,59,78,89,106,1
21,34,45,60,79,90,107,2
22,35,46,61,80,91,108,3
23,36,47,62,81,92,109,4
24,37,48,63,82,93,100,5
12,25,49,64,70,94,101,6
13,26,50,65,71,95,102,7
14,27,51,66,72,96,103,8
15,28,52,67,73,97,104,9
16,29,53,68,74,98,105,10
17,30,54,69,75,99,106,11
18,31,38,55,76,83,100,0
19,32,39,56,77,84,101,1
20,33,40,57,78,85,102,2
21,34,41,58,79,86,103,3
22,35,42,59,80,87,104,4
23,36,43,60,81,88,105,5
24,37,44,61,82,89,106,6
12,25,45,62,70,90,107,7
13,26,46,63,71,91,108,8
14,27,47,64,72,92,109,9
15,28,48,65,73,93,100,10
16,29,49,66,74,94,101,11
17,30,50,67,75,95,102,0
18,31,51,68,76,96,103,1
19,32,52,69,77,97,104,2
20,33,53,55,78,98,105,3
21,34,54,56,79,99,106,4
22,35,38,57,80,83,100,5
23,36,39,58,81,84,101,6
24,37,40,59,82,85,102,7
12,25,41,60,70,86,103,8
13,26,42,61,71,87,104,9
14,27,43,62,72,88,105,10
15,28,44,63,73,89,106,11
16,29,45,64,74,90,107,0
17,30,46,65,75,91,108,1
18,31,47,66,76,92,109,2
19,32,48,67,77,93,100,3
20,33,49,68,78,94,101,4
21,34,50,69,79,95,102,5
22,35,51,55,80,96,103,6
23,36,52,56,81,97,104,7
24,37,53,57,82,98,105,8
12,25,54,58,70,99,106,9
13,26,38,59,71,83,100,10
14,27,39,60,72,84,101,11
15,28,40,61,73,85,102,0
16,29,41,62,74,86,103,1
17,30,42,63,75,87,104,2
18,31,43,64,76,88,105,3
19,32,44,65,77,89,106,4
20,33,45,66,78,90,107,5
21,34,46,67,79,91,108,6
22,35,47,68,80,92,109,7
23,36,48,69,81,93,100,8
24,37,49,55,82,94,101,9
12,25,50,56,70,95,102,10
13,26,51,57,71,96,103,11
14,27,52,58,72,97,104,0
15,28,53,59,73,98,105,1
16,29,54,60,74,99,106,2
17,30,38,61,75,83,100,3
18,31,39,62,76,84,101,4
19,32,40,63,77,85,102,5
20,33,41,64,78,86,103,6
21,34,42,65,79,87,104,7
22,35,43,66,80,88,105,8
23,36,44,67,81,89,106,9
24,37,45,68,82,90,107,10
12,25,46,69,70,91,108,11
13,26,47,55,71,92,109,0
14,27,48,56,72,93,100,1
15,28,49,57,73,94,101,2
16,29,50,58,74,95,102,3
17,30,51,59,75,96,103,4
18,31,52,60,76,97,104,5
19,32,53,61,77,98,105,6
20,33,54,62,78,99,106,7
21,34,38,63,79,83,100,8
22,35,39,64,80,84,101,9
23,36,40,65,81,85,102,10
24,37,41,66,82,86,103,11
12,25,42,67,70,87,104,0
13,26,43,68,71,88,105,1
14,27,44,69,72,89,106,2
15,28,45,55,73,90,107,3
16,29,46,56,74,91,108,4
17,30,47,57,75,92,109,5
18,31,48,58,76,93,100,6
19,32,49,59,77,94,101,7
20,33,50,60,78,95,102,8
21,34,51,61,79,96,103,9
22,35,52,62,80,97,104,10
23,36,53,63,81,98,105,11
24,37,54,64,82,99,106,0
12,25,38,65,70,83,100,1
13,26,39,66,71,84,101,2
14,27,40,67,72,85,102,3
15,28,41,68,73,86,103,4
16,29,42,69,74,87,104,5
17,30,43,55,75,88,105,6
18,31,44,56,76,89,106,7
19,32,45,57,77,90,107,8
20,33,46,58,78,91,108,9
21,34,47,59,79,92,109,10
22,35,48,60,80,93,100,11
23,36,49,61,81,94,101,0
24,37,50,62,82,95,102,1
12,25,51,63,70,96,103,2
13,26,52,64,71,97,104,3
14,27,53,65,72,98,105,4
15,28,54,66,73,99,106,5
16,29,38,67,74,83,100,6
17,30,39,68,75,84,101,7
18,31,40,69,76,85,102,8
19,32,41,55,77,86,103,9
20,33,42,56,78,87,104,10
21,34,43,57,79,88,105,11
22,35,44,58,80,89,106,0
23,36,45,59,81,90,107,1
24,37,46,60,82,91,108,2
12,25,47,61,70,92,109,3
13,26,48,62,71,93,100,4
14,27,49,63,72,94,101,5
15,28,50,64,73,95,102,6
16,29,51,65,74,96,103,7
17,30,52,66,75,97,104,8
18,31,53,67,76,98,105,9
19,32,54,68,77,99,106,10
20,33,38,69,78,83,100,11
21,34,39,55,79,84,101,0
22,35,40,56,80,85,102,1
23,36,41,57,81,86,103,2
24,37,42,58,82,87,104,3
12,25,43,59,70,88,105,4
13,26,44,60,71,89,106,5
14,27,45,61,72,90,107,6
15,28,46,62,73,91,108,7
16,29,47,63,74,92,109,8
17,30,48,64,75,93,100,9
18,31,49,65,76,94,101,10
19,32,50,66,77,95,102,11
20,33,51,67,78,96,103,0
21,34,52,68,79,97,104,1
22,35,53,69,80,98,105,2
23,36,54,55,81,99,106,3
24,37,38,56,82,83,100,4
12,25,39,57,70,84,101,5
13,26,40,58,71,85,102,6
14,27,41,59,72,86,103,7
15,28,42,60,73,87,104,8
16,29,43,61,74,88,105,9
17,30,44,62,75,89,106,10
18,31,45,63,76,90,107,11
19,32,46,64,77,91,108,0
20,33,47,65,78,92,109,1
21,34,48,66,79,93,100,2
22,35,49,67,80,94,101,3
23,36,50,68,81,95,102,4
24,37,51,69,82,96,103,5
12,25,52,55,70,97,104,6
13,26,53,56,71,98,105,7
14,27,54,57,72,99,106,8
15,28,38,58,73,83,100,9
16,29,39,59,74,84,101,10
17,30,40,60,75,85,102,11
18,31,41,61,76,86,103,0
19,32,42,62,77,87,104,1
20,33,43,63,78,88,105,2
21,34,44,64,79,89,106,3
22,35,45,65,80,90,107,4
23,36,46,66,81,91,108,5
24,37,47,67,82,92,109,6
12,25,48,68,70,93,100,7
13,26,49,69,71,94,101,8
14,27,50,55,72,95,102,9
15,28,51,56,73,96,103,10
16,29,52,57,74,97,104,11
17,30,53,58,75,98,105,0
18,31,54,59,76,99,106,1
19,32,38,60,77,83,100,2
20,33,39,61,78,84,101,3
21,34,40,62,79,85,102,4
22,35,41,63,80,86,103,5
23,36,42,64,81,87,104,6
24,37,43,65,82,88,105,7
12,25,44,66,70,89,106,8
13,26,45,67,71,90,107,9
14,27,46,68,72,91,108,10
15,28,47,69,73,92,109,11
16,29,48,55,74,93,100,0
17,30,49,56,75,94,101,1
18,31,50,57,76,95,102,2
19,32,51,58,77,96,103,3
20,33,52,59,78,97,104,4
21,34,53,60,79,98,105,5
22,35,54,61,80,99,106,6
23,36,38,62,81,83,100,7
24,37,39,63,82,84,101,8
12,25,40,64,70,85,102,9
13,26,41,65,71,86,103,10
14,27,42,66,72,87,104,11
15,28,43,67,73,88,105,0
16,29,44,68,74,89,106,1
17,30,45,69,75,90,107,2
18,31,46,55,76,91,108,3
19,32,47,56,77,92,109,4
20,33,48,57,78,93,100,5
21,34,49,58,79,94,101,6
22,35,50,59,80,95,102,7
23,36,51,60,81,96,103,8
24,37,52,61,82,97,104,9
12,25,53,62,70,98,105,10
13,26,54,63,71,99,106,11
14,27,38,64,72,83,100,0
15,28,39,65,73,84,101,1
16,29,40,66,74,85,102,2
17,30,41,67,75,86,103,3
18,31,42,68,76,87,104,4
19,32,43,69,77,88,105,5
20,33,44,55,78,89,106,6
21,34,45,56,79,90,107,7
22,35,46,57,80,91,108,8
23,36,47,58,81,92,109,9
24,37,48,59,82,93,100,10
12,25,49,60,70,94,101,11
13,26,50,61,71,95,102,0
14,27,51,62,72,96,103,1
15,28,52,63,73,97,104,2
16,29,53,64,74,98,105,3
17,30,54,65,75,99,106,4
18,31,38,66,76,83,100,5
19,32,39,67,77,84,101,6
20,33,40,68,78,85,102,7
21,34,41,69,79,86,103,8
22,35,42,55,80,87,104,9
23,36,43,56,81,88,105,10
24,37,44,57,82,89,106,11
12,25,45,58,70,90,107,0
13,26,46,59,71,91,108,1
14,27,47,60,72,92,109,2
15,28,48,61,73,93,100,3
16,29,49,62,74,94,101,4
17,30,50,63,75,95,102,5
18,31,51,64,76,96,103,6
19,32,52,65,77,97,104,7
20,33,53,66,78,98,105,8
21,34,54,67,79,99,106,9
22,35,38,68,80,83,100,10
23,36,39,69,81,84,101,11
24,37,40,55,82,85,102,0
12,25,41,56,70,86,103,1
13,26,42,57,71,87,104,2
14,27,43,58,72,88,105,3
15,28,44,59,73,89,106,4
16,29,45,60,74,90,107,5
17,30,46,61,75,91,108,6
18,31,47,62,76,92,109,7
19,32,48,63,77,93,100,8
20,33,49,64,78,94,101,9
21,34,50,65,79,95,102,10
22,35,51,66,80,96,103,11
23,36,52,67,81,97,104,0
24,37,53,68,82,98,105,1
12,25,54,69,70,99,106,2
13,26,38,55,71,83,100,3
14,27,39,56,72,84,101,4
15,28,40,57,73,85,102,5
16,29,41,58,74,86,103,6
17,30,42,59,75,87,104,7
18,31,43,60,76,88,105,8
19,32,44,61,77,89,106,9
20,33,45,62,78,90,107,10
21,34,46,63,79,91,108,11
22,35,47,64,80,92,109,0
23,36,48,65,81,93,100,1
24,37,49,66,82,94,101,2
12,25,50,67,70,95,102,3
13,26,51,68,71,96,103,4
14,27,52,69,72,97,104,5
15,28,53,55,73,98,105,6
16,29,54,56,74,99,106,7
17,30,38,57,75,83,100,8
18,31,39,58,76,84,101,9
19,32,40,59,77,85,102,10
20,33,41,60,78,86,103,11
21,34,42,61,79,87,104,0
22,35,43,62,80,88,105,1
23,36,44,63,81,89,106,2
24,37,45,64,82,90,107,3
12,25,46,65,70,91,108,4
13,26,47,66,71,92,109,5
14,27,48,67,72,93,100,6
15,28,49,68,73,94,101,7
16,29,50,69,74,95,102,8
17,30,51,55,75,96,103,9
18,31,52,56,76,97,104,10
19,32,53,57,77,98,105,11
20,33,54,58,78,99,106,0
21,34,38,59,79,83,100,1
22,35,39,60,80,84,101,2
23,36,40,61,81,85,102,3
24,37,41,62,82,86,103,4
12,25,42,63,70,87,104,5
13,26,43,64,71,88,105,6
14,27,44,65,72,89,106,7
15,28,45,66,73,90,107,8
16,29,46,67,74,91,108,9
17,30,47,68,75,92,109,10
18,31,48,69,76,93,100,11
19,32,49,55,77,94,101,0
20,33,50,56,78,95,102,1
21,34,51,57,79,96,103,2
22,35,52,58,80,97,104,3
23,36,53,59,81,98,105,4
24,37,54,60,82,99,106,5
12,25,38,61,70,83,100,6
13,26,39,62,71,84,101,7
14,27,40,63,72,85,102,8
15,28,41,64,73,86,103,9
16,29,42,65,74,87,104,10
17,30,43,66,75,88,105,11
18,31,44,67,76,89,106,0
19,32,45,68,77,90,107,1
20,33,46,69,78,91,108,2
21,34,47,55,79,92,109,3
22,35,48,56,80,93,100,4
23,36,49,57,81,94,101,5
24,37,50,58,82,95,102,6
12,25,51,59,70,96,103,7
13,26,52,60,71,97,104,8
14,27,53,61,72,98,105,9
15,28,54,62,73,99,106,10
16,29,38,63,74,83,100,11
17,30,39,64,75,84,101,0
18,31,40,65,76,85,102,1
19,32,41,66,77,86,103,2
20,33,42,67,78,87,104,3
21,34,43,68,79,88,105,4
22,35,44,69,80,89,106,5
23,36,45,55,81,90,107,6
24,37,46,56,82,91,108,7
12,25,47,57,70,92,109,8
13,26,48,58,71,93,100,9
14,27,49,59,72,94,101,10
15,28,50,60,73,95,102,11
16,29,51,61,74,96,103,0
17,30,52,62,75,97,104,1
18,31,53,63,76,98,105,2
19,32,54,64,77,99,106,3
20,33,38,65,78,83,100,4
21,34,39,66,79,84,101,5
22,35,40,67,80,85,102,6
23,36,41,68,81,86,103,7
24,37,42,69,82,87,104,8
12,25,43,55,70,88,105,9
13,26,44,56,71,89,106,10
14,27,45,57,72,90,107,11
15,28,46,58,73,91,108,0
16,29,47,59,74,92,109,1
17,30,48,60,75,93,100,2
18,31,49,61,76,94,101,3
19,32,50,62,77,95,102,4
20,33,51,63,78,96,103,5
21,34,52,64,79,97,104,6
22,35,53,65,80,98,105,7
23,36,54,66,81,99,106,8
24,37,38,67,82,83,100,9
12,25,39,68,70,84,101,10
13,26,40,69,71,85,102,11
14,27,41,55,72,86,103,0
15,28,42,56,73,87,104,1
16,29,43,57,74,88,105,2
17,30,44,58,75,89,106,3
18,31,45,59,76,90,107,4
19,32,46,60,77,91,108,5
20,33,47,61,78,92,109,6
21,34,48,62,79,93,100,7
22,35,49,63,80,94,101,8
23,36,50,64,81,95,102,9
24,37,51,65,82,96,103,10
12,25,52,66,70,97,104,11
13,26,53,67,71,98,105,0
14,27,54,68,72,99,106,1
15,28,38,69,73,83,100,2
16,29,39,55,74,84,101,3
17,30,40,56,75,85,102,4
18,31,41,57,76,86,103,5
19,32,42,58,77,87,104,6
20,33,43,59,78,88,105,7
21,34,44,60,79,89,106,8
22,35,45,61,80,90,107,9
23,36,46,62,81,91,108,10
24,37,47,63,82,92,109,11
12,25,48,64,70,93,100,0
13,26,49,65,71,94,101,1
14,27,50,66,72,95,102,2
15,28,51,67,73,96,103,3
16,29,52,68,74,97,104,4
17,30,53,69,75,98,105,5
18,31,54,55,76,99,106,6
19,32,38,56,77,83,100,7
20,33,39,57,78,84,101,8
21,34,40,58,79,85,102,9
22,35,41,59,80,86,103,10
23,36,42,60,81,87,104,11
24,37,43,61,82,88,105,0
12,25,44,62,70,89,106,1
13,26,45,63,71,90,107,2
14,27,46,64,72,91,108,3
15,28,47,65,73,92,109,4
16,29,48,66,74,93,100,5
17,30,49,67,75,94,101,6
18,31,50,68,76,95,102,7
19,32,51,69,77,96,103,8
20,33,52,55,78,97,104,9
21,34,53,56,79,98,105,10
22,35,54,57,80,99,106,11
23,36,38,58,81,83,100,0
24,37,39,59,82,84,101,1
12,25,40,60,70,85,102,2
13,26,41,61,71,86,103,3
14,27,42,62,72,87,104,4
15,28,43,63,73,88,105,5
16,29,44,64,74,89,106,6
17,30,45,65,75,90,107,7
18,31,46,66,76,91,108,8
19,32,47,67,77,92,109,9
20,33,48,68,78,93,100,10
21,34,49,69,79,94,101,11
22,35,50,55,80,95,102,0
23,36,51,56,81,96,103,1
24,37,52,57,82,97,104,2
12,25,53,58,70,98,105,3
13,26,54,59,71,99,106,4
14,27,38,60,72,83,100,5
15,28,39,61,73,84,101,6
16,29,40,62,74,85,102,7
17,30,41,63,75,86,103,8
18,31,42,64,76,87,104,9
19,32,43,65,77,88,105,10
20,33,44,66,78,89,106,11
21,34,45,67,79,90,107,0
22,35,46,68,80,91,108,1
23,36,47,69,81,92,109,2
24,37,48,55,82,93,100,3
12,25,49,56,70,94,101,4
13,26,50,57,71,95,102,5
14,27,51,58,72,96,103,6
15,28,52,59,73,97,104,7
16,29,53,60,74,98,105,8
17,30,54,61,75,99,106,9
18,31,38,62,76,83,100,10
19,32,39,63,77,84,101,11
20,33,40,64,78,85,102,0
21,34,41,65,79,86,103,1
22,35,42,66,80,87,104,2
23,36,43,67,81,88,105,3
24,37,44,68,82,89,106,4
12,25,45,69,70,90,107,5
13,26,46,55,71,91,108,6
14,27,47,56,72,92,109,7
15,28,48,57,73,93,100,8
16,29,49,58,74,94,101,9
17,30,50,59,75,95,102,10
18,31,51,60,76,96,103,11
19,32,52,61,77,97,104,0
20,33,53,62,78,98,105,1
21,34,54,63,79,99,106,2
22,35,38,64,80,83,100,3
23,36,39,65,81,84,101,4
24,37,40,66,82,85,102,5
12,25,41,67,70,86,103,6
13,26,42,68,71,87,104,7
14,27,43,69,72,88,105,8
15,28,44,55,73,89,106,9
16,29,45,56,74,90,107,10
17,30,46,57,75,91,108,11
18,31,47,58,76,92,109,0
19,32,48,59,77,93,100,1
20,33,49,60,78,94,101,2
21,34,50,61,79,95,102,3
22,35,51,62,80,96,103,4
23,36,52,63,81,97,104,5
24,37,53,64,82,98,105,6
12,25,54,65,70,99,106,7
13,26,38,66,71,83,100,8
14,27,39,67,72,84,101,9
15,28,40,68,73,85,102,10
16,29,41,69,74,86,103,11
17,30,42,55,75,87,104,0
18,31,43,56,76,88,105,1
19,32,44,57,77,89,106,2
20,33,45,58,78,90,107,3
21,34,46,59,79,91,108,4
22,35,47,60,80,92,109,5
23,36,48,61,81,93,100,6
24,37,49,62,82,94,101,7
12,25,50,63,70,95,102,8
13,26,51,64,71,96,103,9
14,27,52,65,72,97,104,10
15,28,53,66,73,98,105,11
16,29,54,67,74,99,106,0
17,30,38,68,75,83,100,1
18,31,39,69,76,84,101,2
19,32,40,55,77,85,102,3
20,33,41,56,78,86,103,4
21,34,42,57,79,87,104,5
22,35,43,58,80,88,105,6
23,36,44,59,81,89,106,7
24,37,45,60,82,90,107,8
12,25,46,61,70,91,108,9
13,26,47,62,71,92,109,10
14,27,48,63,72,93,100,11
15,28,49,64,73,94,101,0
16,29,50,65,74,95,102,1
17,30,51,66,75,96,103,2
18,31,52,67,76,97,104,3
19,32,53,68,77,98,105,4
20,33,54,69,78,99,106,5
21,34,38,55,79,83,100,6
22,35,39,56,80,84,101,7
23,36,40,57,81,85,102,8
24,37,41,58,82,86,103,9
12,25,42,59,70,87,104,10
13,26,43,60,71,88,105,11
14,27,44,61,72,89,106,0
15,28,45,62,73,90,107,1
16,29,46,63,74,91,108,2
17,30,47,64,75,92,109,3
18,31,48,65,76,93,100,4
19,32,49,66,77,94,101,5
20,33,50,67,78,95,102,6
21,34,51,68,79,96,103,7
22,35,52,69,80,97,104,8
23,36,53,55,81,98,105,9
24,37,54,56,82,99,106,10
12,25,38,57,70,83,100,11
13,26,39,58,71,84,101,0
14,27,40,59,72,85,102,1
15,28,41,60,73,86,103,2
16,29,42,61,74,87,104,3
17,30,43,62,75,88,105,4
18,31,44,63,76,89,106,5
19,32,45,64,77,90,107,6
20,33,46,65,78,91,108,7
21,34,47,66,79,92,109,8
22,35,48,67,80,93,100,9
23,36,49,68,81,94,101,10
24,37,50,69,82,95,102,11
12,25,51,55,70,96,103,0
13,26,52,56,71,97,104,1
14,27,53,57,72,98,105,2
15,28,54,58,73,99,106,3
16,29,38,59,74,83,100,4
17,30,39,60,75,84,101,5
18,31,40,61,76,85,102,6
19,32,41,62,77,86,103,7
20,33,42,63,78,87,104,8
21,34,43,64,79,88,105,9
22,35,44,65,80,89,106,10
23,36,45,66,81,90,107,11
24,37,46,67,82,91,108,0
12,25,47,68,70,92,109,1
13,26,48,69,71,93,100,2
14,27,49,55,72,94,101,3
15,28,50,56,73,95,102,4
16,29,51,57,74,96,103,5
17,30,52,58,75,97,104,6
18,31,53,59,76,98,105,7
19,32,54,60,77,99,106,8
20,33,38,61,78,83,100,9
21,34,39,62,79,84,101,10
22,35,40,63,80,85,102,11
23,36,41,64,81,86,103,0
24,37,42,65,82,87,104,1
12,25,43,66,70,88,105,2
13,26,44,67,71,89,106,3
14,27,45,68,72,90,107,4
15,28,46,69,73,91,108,5
16,29,47,55,74,92,109,6
17,30,48,56,75,93,100,7
18,31,49,57,76,94,101,8
19,32,50,58,77,95,102,9
20,33,51,59,78,96,103,10
21,34,52,60,79,97,104,11
22,35,53,61,80,98,105,0
23,36,54,62,81,99,106,1
24,37,38,63,82,83,100,2
12,25,39,64,70,84,101,3
13,26,40,65,71,85,102,4
14,27,41,66,72,86,103,5
15,28,42,67,73,87,104,6
16,29,43,68,74,88,105,7
17,30,44,69,75,89,106,8
18,31,45,55,76,90,107,9
19,32,46,56,77,91,108,10
20,33,47,57,78,92,109,11
21,34,48,58,79,93,100,0
22,35,49,59,80,94,101,1
23,36,50,60,81,95,102,2
24,37,51,61,82,96,103,3
12,25,52,62,70,97,104,4
13,26,53,63,71,98,105,5
14,27,54,64,72,99,106,6
15,28,38,65,73,83,100,7
16,29,39,66,74,84,101,8
17,30,40,67,75,85,102,9
18,31,41,68,76,86,103,10
19,32,42,69,77,87,104,11
20,33,43,55,78,88,105,0
21,34,44,56,79,89,106,1
22,35,45,57,80,90,107,2
23,36,46,58,81,91,108,3
24,37,47,59,82,92,109,4
12,25,48,60,70,93,100,5
13,26,49,61,71,94,101,6
14,27,50,62,72,95,102,7
15,28,51,63,73,96,103,8
16,29,52,64,74,97,104,9
17,30,53,65,75,98,105,10
18,31,54,66,76,99,106,11
19,32,38,67,77,83,100,0
20,33,39,68,78,84,101,1
21,34,40,69,79,85,102,2
22,35,41,55,80,86,103,3
23,36,42,56,81,87,104,4
24,37,43,57,82,88,105,5
12,25,44,58,70,89,106,6
13,26,45,59,71,90,107,7
14,27,46,60,72,91,108,8
15,28,47,61,73,92,109,9
16,29,48,62,74,93,100,10
17,30,49,63,75,94,101,11
18,31,50,64,76,95,102,0
19,32,51,65,77,96,103,1
20,33,52,66,78,97,104,2
21,34,53,67,79,98,105,3
22,35,54,68,80,99,106,4
23,36,38,69,81,83,100,5
24,37,39,55,82,84,101,6
12,25,40,56,70,85,102,7
13,26,41,57,71,86,103,8
14,27,42,58,72,87,104,9
15,28,43,59,73,88,105,10
16,29,44,60,74,89,106,11
17,30,45,61,75,90,107,0
18,31,46,62,76,91,108,1
19,32,47,63,77,92,109,2
20,33,48,64,78,93,100,3
21,34,49,65,79,94,101,4
22,35,50,66,80,95,102,5
23,36,51,67,81,96,103,6
24,37,52,68,82,97,104,7
12,25,53,69,70,98,105,8
13,26,54,55,71,99,106,9
14,27,38,56,72,83,100,10
15,28,39,57,73,84,101,11
16,29,40,58,74,85,102,0
17,30,41,59,75,86,103,1
18,31,42,60,76,87,104,2
19,32,43,61,77,88,105,3
20,33,44,62,78,89,106,4
21,34,45,63,79,90,107,5
22,35,46,64,80,91,108,6
23,36,47,65,81,92,109,7
24,37,48,66,82,93,100,8
12,25,49,67,70,94,101,9
13,26,50,68,71,95,102,10
14,27,51,69,72,96,103,11
15,28,52,55,73,97,104,0
16,29,53,56,74,98,105,1
17,30,54,57,75,99,106,2
18,31,38,58,76,83,100,3
19,32,39,59,77,84,101,4
20,33,40,60,78,85,102,5
21,34,41,61,79,86,103,6
22,35,42,62,80,87,104,7
23,36,43,63,81,88,105,8
24,37,44,64,82,89,106,9
12,25,45,65,70,90,107,10
13,26,46,66,71,91,108,11
14,27,47,67,72,92,109,0
15,28,48,68,73,93,100,1
16,29,49,69,74,94,101,2
17,30,50,55,75,95,102,3
18,31,51,56,76,96,103,4
19,32,52,57,77,97,104,5
20,33,53,58,78,98,105,6
21,34,54,59,79,99,106,7
22,35,38,60,80,83,100,8
23,36,39,61,81,84,101,9
24,37,40,62,82,85,102,10
12,25,41,63,70,86,103,11
13,26,42,64,71,87,104,0
14,27,43,65,72,88,105,1
15,28,44,66,73,89,106,2
16,29,45,67,74,90,107,3
17,30,46,68,75,91,108,4
18,31,47,69,76,92,109,5
19,32,48,55,77,93,100,6
20,33,49,56,78,94,101,7
21,34,50,57,79,95,102,8
22,35,51,58,80,96,103,9
23,36,52,59,81,97,104,10
24,37,53,60,82,98,105,11
12,25,54,61,70,99,106,0
13,26,38,62,71,83,100,1
14,27,39,63,72,84,101,2
15,28,40,64,73,85,102,3
16,29,41,65,74,86,103,4
17,30,42,66,75,87,104,5
18,31,43,67,76,88,105,6
19,32,44,68,77,89,106,7
20,33,45,69,78,90,107,8
21,34,46,55,79,91,108,9
22,35,47,56,80,92,109,10
23,36,48,57,81,93,100,11
24,37,49,58,82,94,101,0
12,25,50,59,70,95,102,1
13,26,51,60,71,96,103,2
14,27,52,61,72,97,104,3
15,28,53,62,73,98,105,4
16,29,54,63,74,99,106,5
17,30,38,64,75,83,100,6
18,31,39,65,76,84,101,7
19,32,40,66,77,85,102,8
20,33,41,67,78,86,103,9
21,34,42,68,79,87,104,10
22,35,43,69,80,88,105,11
23,36,44,55,81,89,106,0
24,37,45,56,82,90,107,1
12,25,46,57,70,91,108,2
13,26,47,58,71,92,109,3
14,27,48,59,72,93,100,4
15,28,49,60,73,94,101,5
16,29,50,61,74,95,102,6
17,30,51,62,75,96,103,7
18,31,52,63,76,97,104,8
19,32,53,64,77,98,105,9
20,33,54,65,78,99,106,10
21,34,38,66,79,83,100,11
22,35,39,67,80,84,101,0
23,36,40,68,81,85,102,1
24,37,41,69,82,86,103,2
12,25,42,55,70,87,104,3
13,26,43,56,71,88,105,4
14,27,44,57,72,89,106,5
15,28,45,58,73,90,107,6
16,29,46,59,74,91,108,7
17,30,47,60,75,92,109,8
18,31,48,61,76,93,100,9
19,32,49,62,77,94,101,10
20,33,50,63,78,95,102,11
21,34,51,64,79,96,103,0
22,35,52,65,80,97,104,1
23,36,53,66,81,98,105,2
24,37,54,67,82,99,106,3
12,25,38,68,70,83,100,4
13,26,39,69,71,84,101,5
14,27,40,55,72,85,102,6
15,28,41,56,73,86,103,7
16,29,42,57,74,87,104,8
17,30,43,58,75,88,105,9
18,31,44,59,76,89,106,10
19,32,45,60,77,90,107,11
20,33,46,61,78,91,108,0
21,34,47,62,79,92,109,1
22,35,48,63,80,93,100,2
23,36,49,64,81,94,101,3
24,37,50,65,82,95,102,4
12,25,51,66,70,96,103,5
13,26,52,67,71,97,104,6
14,27,53,68,72,98,105,7
15,28,54,69,73,99,106,8
16,29,38,55,74,83,100,9
17,30,39,56,75,84,101,10
18,31,40,57,76,85,102,11
19,32,41,58,77,86,103,0
20,33,42,59,78,87,104,1
21,34,43,60,79,88,105,2
22,35,44,61,80,89,106,3
23,36,45,62,81,90,107,4
24,37,46,63,82,91,108,5
12,25,47,64,70,92,109,6
13,26,48,65,71,93,100,7
14,27,49,66,72,94,101,8
15,28,50,67,73,95,102,9
16,29,51,68,74,96,103,10
17,30,52,69,75,97,104,11
18,31,53,55,76,98,105,0
19,32,54,56,77,99,106,1
20,33,38,57,78,83,100,2
21,34,39,58,79,84,101,3
22,35,40,59,80,85,102,4
23,36,41,60,81,86,103,5
24,37,42,61,82,87,104,6
12,25,43,62,70,88,105,7
13,26,44,63,71,89,106,8
14,27,45,64,72,90,107,9
15,28,46,65,73,91,108,10
16,29,47,66,74,92,109,11
17,30,48,67,75,93,100,0
18,31,49,68,76,94,101,1
19,32,50,69,77,95,102,2
20,33,51,55,78,96,103,3
21,34,52,56,79,97,104,4
22,35,53,57,80,98,105,5
23,36,54,58,81,99,106,6
24,37,38,59,82,83,100,7
12,25,39,60,70,84,101,8
13,26,40,61,71,85,102,9
14,27,41,62,72,86,103,10
15,28,42,63,73,87,104,11
16,29,43,64,74,88,105,0
17,30,44,65,75,89,106,1
18,31,45,66,76,90,107,2
19,32,46,67,77,91,108,3
20,33,47,68,78,92,109,4
21,34,48,69,79,93,100,5
22,35,49,55,80,94,101,6
23,36,50,56,81,95,102,7
24,37,51,57,82,96,103,8
12,25,52,58,70,97,104,9
13,26,53,59,71,98,105,10
14,27,54,60,72,99,106,11
15,28,38,61,73,83,100,0
16,29,39,62,74,84,101,1
17,30,40,63,75,85,102,2
18,31,41,64,76,86,103,3
19,32,42,65,77,87,104,4
20,33,43,66,78,88,105,5
21,34,44,67,79,89,106,6
22,35,45,68,80,90,107,7
23,36,46,69,81,91,108,8
24,37,47,55,82,92,109,9
12,25,48,56,70,93,100,10
13,26,49,57,71,94,101,11
14,27,50,58,72,95,102,0
15,28,51,59,73,96,103,1
16,29,52,60,74,97,104,2
17,30,53,61,75,98,105,3
18,31,54,62,76,99,106,4
19,32,38,63,77,83,100,5
20,33,39,64,78,84,101,6
21,34,40,65,79,85,102,7
22,35,41,66,80,86,103,8
23,36,42,67,81,87,104,9
24,37,43,68,82,88,105,10
12,25,44,69,70,89,106,11
13,26,45,55,71,90,107,0
14,27,46,56,72,91,108,1
15,28,47,57,73,92,109,2
16,29,48,58,74,93,100,3
17,30,49,59,75,94,101,4
18,31,50,60,76,95,102,5
19,32,51,61,77,96,103,6
20,33,52,62,78,97,104,7
21,34,53,63,79,98,105,8
22,35,54,64,80,99,106,9
23,36,38,65,81,83,100,10
24,37,39,66,82,84,101,11
12,25,40,67,70,85,102,0
13,26,41,68,71,86,103,1
14,27,42,69,72,87,104,2
15,28,43,55,73,88,105,3
16,29,44,56,74,89,106,4
17,30,45,57,75,90,107,5
18,31,46,58,76,91,108,6
19,32,47,59,77,92,109,7
20,33,48,60,78,93,100,8
21,34,49,61,79,94,101,9
22,35,50,62,80,95,102,10
23,36,51,63,81,96,103,11
24,37,52,64,82,97,104,0
12,25,53,65,70,98,105,1
13,26,54,66,71,99,106,2
14,27,38,67,72,83,100,3
15,28,39,68,73,84,101,4
16,29,40,69,74,85,102,5
17,30,41,55,75,86,103,6
18,31,42,56,76,87,104,7
19,32,43,57,77,88,105,8
20,33,44,58,78,89,106,9
21,34,45,59,79,90,107,10
22,35,46,60,80,91,108,11
23,36,47,61,81,92,109,0
24,37,48,62,82,93,100,1
12,25,49,63,70,94,101,2
13,26,50,64,71,95,102,3
14,27,51,65,72,96,103,4
15,28,52,66,73,97,104,5
16,29,53,67,74,98,105,6
17,30,54,68,75,99,106,7
18,31,38,69,76,83,100,8
19,32,39,55,77,84,101,9
20,33,40,56,78,85,102,10
21,34,41,57,79,86,103,11
22,35,42,58,80,87,104,0
23,36,43,59,81,88,105,1
24,37,44,60,82,89,106,2
12,25,45,61,70,90,107,3
13,26,46,62,71,91,108,4
14,27,47,63,72,92,109,5
15,28,48,64,73,93,100,6
16,29,49,65,74,94,101,7
17,30,50,66,75,95,102,8
18,31,51,67,76,96,103,9
19,32,52,68,77,97,104,10
20,33,53,69,78,98,105,11
21,34,54,55,79,99,106,0
22,35,38,56,80,83,100,1
23,36,39,57,81,84,101,2
24,37,40,58,82,85,102,3
12,25,41,59,70,86,103,4
13,26,42,60,71,87,104,5
14,27,43,61,72,88,105,6
15,28,44,62,73,89,106,7
16,29,45,63,74,90,107,8
17,30,46,64,75,91,108,9
18,31,47,65,76,92,109,10
19,32,48,66,77,93,100,11
20,33,49,67,78,94,101,0
21,34,50,68,79,95,102,1
22,35,51,69,80,96,103,2
23,36,52,55,81,97,104,3
24,37,53,56,82,98,105,4
12,25,54,57,70,99,106,5
13,26,38,58,71,83,100,6
14,27,39,59,72,84,101,7
15,28,40,60,73,85,102,8
16,29,41,61,74,86,103,9
17,30,42,62,75,87,104,10
18,31,43,63,76,88,105,11
19,32,44,64,77,89,106,0
20,33,45,65,78,90,107,1
21,34,46,66,79,91,108,2
22,35,47,67,80,92,109,3
23,36,48,68,81,93,100,4
24,37,49,69,82,94,101,5
12,25,50,55,70,95,102,6
13,26,51,56,71,96,103,7
14,27,52,57,72,97,104,8
15,28,53,58,73,98,105,9
16,29,54,59,74,99,106,10
17,30,38,60,75,83,100,11
18,31,39,61,76,84,101,0
19,32,40,62,77,85,102,1
20,33,41,63,78,86,103,2
21,34,42,64,79,87,104,3
22,35,43,65,80,88,105,4
23,36,44,66,81,89,106,5
24,37,45,67,82,90,107,6
12,25,46,68,70,91,108,7
13,26,47,69,71,92,109,8
14,27,48,55,72,93,100,9
15,28,49,56,73,94,101,10
16,29,50,57,74,95,102,11
17,30,51,58,75,96,103,0
18,31,52,59,76,97,104,1
19,32,53,60,77,98,105,2
20,33,54,61,78,99,106,3
21,34,38,62,79,83,100,4
22,35,39,63,80,84,101,5
23,36,40,64,81,85,102,6
24,37,41,65,82,86,103,7
12,25,42,66,70,87,104,8
13,26,43,67,71,88,105,9
14,27,44,68,72,89,106,10
15,28,45,69,73,90,107,11
16,29,46,55,74,91,108,0
17,30,47,56,75,92,109,1
18,31,48,57,76,93,100,2
19,32,49,58,77,94,101,3
20,33,50,59,78,95,102,4
21,34,51,60,79,96,103,5
22,35,52,61,80,97,104,6
23,36,53,62,81,98,105,7
24,37,54,63,82,99,106,8
12,25,38,64,70,83,100,9
13,26,39,65,71,84,101,10
14,27,40,66,72,85,102,11
15,28,41,67,73,86,103,0
16,29,42,68,74,87,104,1
17,30,43,69,75,88,105,2
18,31,44,55,76,89,106,3
19,32,45,56,77,90,107,4
20,33,46,57,78,91,108,5
21,34,47,58,79,92,109,6
22,35,48,59,80,93,100,7
23,36,49,60,81,94,101,8
24,37,50,61,82,95,102,9
12,25,51,62,70,96,103,10
13,26,52,63,71,97,104,11
14,27,53,64,72,98,105,0
15,28,54,65,73,99,106,1
16,29,38,66,74,83,100,2
17,30,39,67,75,84,101,3
18,31,40,68,76,85,102,4
19,32,41,69,77,86,103,5
20,33,42,55,78,87,104,6
21,34,43,56,79,88,105,7
22,35,44,57,80,89,106,8
23,36,45,58,81,90,107,9
24,37,46,59,82,91,108,10
12,25,47,60,70,92,109,11
13,26,48,61,71,93,100,0
14,27,49,62,72,94,101,1
15,28,50,63,73,95,102,2
16,29,51,64,74,96,103,3
17,30,52,65,75,97,104,4
18,31,53,66,76,98,105,5
19,32,54,67,77,99,106,6
20,33,38,68,78,83,100,7
21,34,39,69,79,84,101,8
22,35,40,55,80,85,102,9
23,36,41,56,81,86,103,10
24,37,42,57,82,87,104,11
12,25,43,58,70,88,105,0
13,26,44,59,71,89,106,1
14,27,45,60,72,90,107,2
15,28,46,61,73,91,108,3
16,29,47,62,74,92,109,4
17,30,48,63,75,93,100,5
18,31,49,64,76,94,101,6
19,32,50,65,77,95,102,7
20,33,51,66,78,96,103,8
21,34,52,67,79,97,104,9
22,35,53,68,80,98,105,10
23,36,54,69,81,99,106,11
24,37,38,55,82,83,100,0
12,25,39,56,70,84,101,1
13,26,40,57,71,85,102,2
14,27,41,58,72,86,103,3
15,28,42,59,73,87,104,4
16,29,43,60,74,88,105,5
17,30,44,61,75,89,106,6
18,31,45,62,76,90,107,7
19,32,46,63,77,91,108,8
20,33,47,64,78,92,109,9
21,34,48,65,79,93,100,10
22,35,49,66,80,94,101,11
23,36,50,67,81,95,102,0
24,37,51,68,82,96,103,1
12,25,52,69,70,97,104,2
13,26,53,55,71,98,105,3
14,27,54,56,72,99,106,4
15,28,38,57,73,83,100,5
16,29,39,58,74,84,101,6
17,30,40,59,75,85,102,7
18,31,41,60,76,86,103,8
19,32,42,61,77,87,104,9
20,33,43,62,78,88,105,10
21,34,44,63,79,89,106,11
22,35,45,64,80,90,107,0
23,36,46,65,81,91,108,1
24,37,47,66,82,92,109,2
12,25,48,67,70,93,100,3
13,26,49,68,71,94,101,4
14,27,50,69,72,95,102,5
15,28,51,55,73,96,103,6
16,29,52,56,74,97,104,7
17,30,53,57,75,98,105,8
18,31,54,58,76,99,106,9
19,32,38,59,77,83,100,10
20,33,39,60,78,84,101,11
21,34,40,61,79,85,102,0
22,35,41,62,80,86,103,1
23,36,42,63,81,87,104,2
24,37,43,64,82,88,105,3
12,25,44,65,70,89,106,4
13,26,45,66,71,90,107,5
14,27,46,67,72,91,108,6
15,28,47,68,73,92,109,7
16,29,48,69,74,93,100,8
17,30,49,55,75,94,101,9
18,31,50,56,76,95,102,10
19,32,51,57,77,96,103,11
20,33,52,58,78,97,104,0
21,34,53,59,79,98,105,1
22,35,54,60,80,99,106,2
23,36,38,61,81,83,100,3
24,37,39,62,82,84,101,4
12,25,40,63,70,85,102,5
13,26,41,64,71,86,103,6
14,27,42,65,72,87,104,7
15,28,43,66,73,88,105,8
16,29,44,67,74,89,106,9
17,30,45,68,75,90,107,10
18,31,46,69,76,91,108,11
19,32,47,55,77,92,109,0
20,33,48,56,78,93,100,1
21,34,49,57,79,94,101,2
22,35,50,58,80,95,102,3
23,36,51,59,81,96,103,4
24,37,52,60,82,97,104,5
12,25,53,61,70,98,105,6
13,26,54,62,71,99,106,7
14,27,38,63,72,83,100,8
15,28,39,64,73,84,101,9
16,29,40,65,74,85,102,10
17,30,41,66,75,86,103,11
18,31,42,67,76,87,104,0
19,32,43,68,77,88,105,1
20,33,44,69,78,89,106,2
21,34,45,55,79,90,107,3
22,35,46,56,80,91,108,4
23,36,47,57,81,92,109,5
24,37,48,58,82,93,100,6
12,25,49,59,70,94,101,7
13,26,50,60,71,95,102,8
14,27,51,61,72,96,103,9
15,28,52,62,73,97,104,10
16,29,53,63,74,98,105,11
17,30,54,64,75,99,106,0
18,31,38,65,76,83,100,1
19,32,39,66,77,84,101,2
20,33,40,67,78,85,102,3
21,34,41,68,79,86,103,4
22,35,42,69,80,87,104,5
23,36,43,55,81,88,105,6
24,37,44,56,82,89,106,7
12,25,45,57,70,90,107,8
13,26,46,58,71,91,108,9
14,27,47,59,72,92,109,10
15,28,48,60,73,93,100,11
16,29,49,61,74,94,101,0
17,30,50,62,75,95,102,1
18,31,51,63,76,96,103,2
19,32,52,64,77,97,104,3
20,33,53,65,78,98,105,4
21,34,54,66,79,99,106,5
22,35,38,67,80,83,100,6
23,36,39,68,81,84,101,7
24,37,40,69,82,85,102,8
12,25,41,55,70,86,103,9
13,26,42,56,71,87,104,10
14,27,43,57,72,88,105,11
15,28,44,58,73,89,106,0
16,29,45,59,74,90,107,1
17,30,46,60,75,91,108,2
18,31,47,61,76,92,109,3
19,32,48,62,77,93,100,4
20,33,49,63,78,94,101,5
21,34,50,64,79,95,102,6
22,35,51,65,80,96,103,7
23,36,52,66,81,97,104,8
24,37,53,67,82,98,105,9
12,25,54,68,70,99,106,10
13,26,38,69,71,83,100,11
14,27,39,55,72,84,101,0
15,28,40,56,73,85,102,1
16,29,41,57,74,86,103,2
17,30,42,58,75,87,104,3
18,31,43,59,76,88,105,4
19,32,44,60,77,89,106,5
20,33,45,61,78,90,107,6
21,34,46,62,79,91,108,7
22,35,47,63,80,92,109,8
23,36,48,64,81,93,100,9
24,37,49,65,82,94,101,10
12,25,50,66,70,95,102,11
13,26,51,67,71,96,103,0
14,27,52,68,72,97,104,1
15,28,53,69,73,98,105,2
16,29,54,55,74,99,106,3
17,30,38,56,75,83,100,4
18,31,39,57,76,84,101,5
19,32,40,58,77,85,102,6
20,33,41,59,78,86,103,7
21,34,42,60,79,87,104,8
22,35,43,61,80,88,105,9
23,36,44,62,81,89,106,10
24,37,45,63,82,90,107,11
12,25,46,64,70,91,108,0
13,26,47,65,71,92,109,1
14,27,48,66,72,93,100,2
15,28,49,67,73,94,101,3
16,29,50,68,74,95,102,4
17,30,51,69,75,96,103,5
18,31,52,55,76,97,104,6
19,32,53,56,77,98,105,7
20,33,54,57,78,99,106,8
21,34,38,58,79,83,100,9
22,35,39,59,80,84,101,10
23,36,40,60,81,85,102,11
24,37,41,61,82,86,103,0
12,25,42,62,70,87,104,1
13,26,43,63,71,88,105,2
14,27,44,64,72,89,106,3
15,28,45,65,73,90,107,4
16,29,46,66,74,91,108,5
17,30,47,67,75,92,109,6
18,31,48,68,76,93,100,7
19,32,49,69,77,94,101,8
20,33,50,55,78,95,102,9
21,34,51,56,79,96,103,10
22,35,52,57,80,97,104,11
23,36,53,58,81,98,105,0
24,37,54,59,82,99,106,1
12,25,38,60,70,83,100,2
13,26,39,61,71,84,101,3
14,27,40,62,72,85,102,4
15,28,41,63,73,86,103,5
16,29,42,64,74,87,104,6
17,30,43,65,75,88,105,7
18,31,44,66,76,89,106,8
19,32,45,67,77,90,107,9
20,33,46,68,78,91,108,10
21,34,47,69,79,92,109,11
22,35,48,55,80,93,100,0
23,36,49,56,81,94,101,1
24,37,50,57,82,95,102,2
12,25,51,58,70,96,103,3
13,26,52,59,71,97,104,4
14,27,53,60,72,98,105,5
15,28,54,61,73,99,106,6
16,29,38,62,74,83,100,7
17,30,39,63,75,84,101,8
18,31,40,64,76,85,102,9
19,32,41,65,77,86,103,10
20,33,42,66,78,87,104,11
21,34,43,67,79,88,105,0
22,35,44,68,80,89,106,1
23,36,45,69,81,90,107,2
24,37,46,55,82,91,108,3
12,25,47,56,70,92,109,4
13,26,48,57,71,93,100,5
14,27,49,58,72,94,101,6
15,28,50,59,73,95,102,7
16,29,51,60,74,96,103,8
17,30,52,61,75,97,104,9
18,31,53,62,76,98,105,10
19,32,54,63,77,99,106,11
20,33,38,64,78,83,100,0
21,34,39,65,79,84,101,1
22,35,40,66,80,85,102,2
23,36,41,67,81,86,103,3
24,37,42,68,82,87,104,4
12,25,43,69,70,88,105,5
13,26,44,55,71,89,106,6
14,27,45,56,72,90,107,7
15,28,46,57,73,91,108,8
16,29,47,58,74,92,109,9
17,30,48,59,75,93,100,10
18,31,49,60,76,94,101,11
19,32,50,61,77,95,102,0
20,33,51,62,78,96,103,1
21,34,52,63,79,97,104,2
22,35,53,64,80,98,105,3
23,36,54,65,81,99,106,4
24,37,38,66,82,83,100,5
12,25,39,67,70,84,101,6
13,26,40,68,71,85,102,7
14,27,41,69,72,86,103,8
15,28,42,55,73,87,104,9
16,29,43,56,74,88,105,10
17,30,44,57,75,89,106,11
18,31,45,58,76,90,107,0
19,32,46,59,77,91,108,1
20,33,47,60,78,92,109,2
21,34,48,61,79,93,100,3
22,35,49,62,80,94,101,4
23,36,50,63,81,95,102,5
24,37,51,64,82,96,103,6
12,25,52,65,70,97,104,7
13,26,53,66,71,98,105,8
14,27,54,67,72,99,106,9
15,28,38,68,73,83,100,10
16,29,39,69,74,84,101,11
17,30,40,55,75,85,102,0
18,31,41,56,76,86,103,1
19,32,42,57,77,87,104,2
20,33,43,58,78,88,105,3
21,34,44,59,79,89,106,4
22,35,45,60,80,90,107,5
23,36,46,61,81,91,108,6
24,37,47,62,82,92,109,7
12,25,48,63,70,93,100,8
13,26,49,64,71,94,101,9
14,27,50,65,72,95,102,10
15,28,51,66,73,96,103,11
16,29,52,67,74,97,104,0
17,30,53,68,75,98,105,1
18,31,54,69,76,99,106,2
19,32,38,55,77,83,100,3
20,33,39,56,78,84,101,4
21,34,40,57,79,85,102,5
22,35,41,58,80,86,103,6
23,36,42,59,81,87,104,7
24,37,43,60,82,88,105,8
12,25,44,61,70,89,106,9
13,26,45,62,71,90,107,10
14,27,46,63,72,91,108,11
15,28,47,64,73,92,109,0
16,29,48,65,74,93,100,1
17,30,49,66,75,94,101,2
18,31,50,67,76,95,102,3
19,32,51,68,77,96,103,4
20,33,52,69,78,97,104,5
21,34,53,55,79,98,105,6
22,35,54,56,80,99,106,7
23,36,38,57,81,83,100,8
24,37,39,58,82,84,101,9
12,25,40,59,70,85,102,10
13,26,41,60,71,86,103,11
14,27,42,61,72,87,104,0
15,28,43,62,73,88,105,1
16,29,44,63,74,89,106,2
17,30,45,64,75,90,107,3
18,31,46,65,76,91,108,4
19,32,47,66,77,92,109,5
20,33,48,67,78,93,100,6
21,34,49,68,79,94,101,7
22,35,50,69,80,95,102,8
23,36,51,55,81,96,103,9
24,37,52,56,82,97,104,10
12,25,53,57,70,98,105,11
13,26,54,58,71,99,106,0
14,27,38,59,72,83,100,1
15,28,39,60,73,84,101,2
16,29,40,61,74,85,102,3
17,30,41,62,75,86,103,4
18,31,42,63,76,87,104,5
19,32,43,64,77,88,105,6
20,33,44,65,78,89,106,7
21,34,45,66,79,90,107,8
22,35,46,67,80,91,108,9
23,36,47,68,81,92,109,10
24,37,48,69,82,93,100,11
12,25,49,55,70,94,101,0
13,26,50,56,71,95,102,1
14,27,51,57,72,96,103,2
15,28,52,58,73,97,104,3
16,29,53,59,74,98,105,4
17,30,54,60,75,99,106,5
18,31,38,61,76,83,100,6
19,32,39,62,77,84,101,7
20,33,40,63,78,85,102,8
21,34,41,64,79,86,103,9
22,35,42,65,80,87,104,10
23,36,43,66,81,88,105,11
24,37,44,67,82,89,106,0
12,25,45,68,70,90,107,1
13,26,46,69,71,91,108,2
14,27,47,55,72,92,109,3
15,28,48,56,73,93,100,4
16,29,49,57,74,94,101,5
17,30,50,58,75,95,102,6
18,31,51,59,76,96,103,7
19,32,52,60,77,97,104,8
20,33,53,61,78,98,105,9
21,34,54,62,79,99,106,10
22,35,38,63,80,83,100,11
23,36,39,64,81,84,101,0
24,37,40,65,82,85,102,1
12,25,41,66,70,86,103,2
13,26,42,67,71,87,104,3
14,27,43,68,72,88,105,4
15,28,44,69,73,89,106,5
16,29,45,55,74,90,107,6
17,30,46,56,75,91,108,7
18,31,47,57,76,92,109,8
19,32,48,58,77,93,100,9
20,33,49,59,78,94,101,10
21,34,50,60,79,95,102,11
22,35,51,61,80,96,103,0
23,36,52,62,81,97,104,1
24,37,53,63,82,98,105,2
12,25,54,64,70,99,106,3
13,26,38,65,71,83,100,4
14,27,39,66,72,84,101,5
15,28,40,67,73,85,102,6
16,29,41,68,74,86,103,7
17,30,42,69,75,87,104,8
18,31,43,55,76,88,105,9
19,32,44,56,77,89,106,10
20,33,45,57,78,90,107,11
21,34,46,58,79,91,108,0
22,35,47,59,80,92,109,1
23,36,48,60,81,93,100,2
24,37,49,61,82,94,101,3
12,25,50,62,70,95,102,4
13,26,51,63,71,96,103,5
14,27,52,64,72,97,104,6
15,28,53,65,73,98,105,7
16,29,54,66,74,99,106,8
17,30,38,67,75,83,100,9
18,31,39,68,76,84,101,10
19,32,40,69,77,85,102,11
20,33,41,55,78,86,103,0
21,34,42,56,79,87,104,1
22,35,43,57,80,88,105,2
23,36,44,58,81,89,106,3
24,37,45,59,82,90,107,4
12,25,46,60,70,91,108,5
13,26,47,61,71,92,109,6
14,27,48,62,72,93,100,7
15,28,49,63,73,94,101,8
16,29,50,64,74,95,102,9
17,30,51,65,75,96,103,10
18,31,52,66,76,97,104,11
19,32,53,67,77,98,105,0
20,33,54,68,78,99,106,1
21,34,38,69,79,83,100,2
22,35,39,55,80,84,101,3
23,36,40,56,81,85,102,4
24,37,41,57,82,86,103,5
12,25,42,58,70,87,104,6
13,26,43,59,71,88,105,7
14,27,44,60,72,89,106,8
15,28,45,61,73,90,107,9
16,29,46,62,74,91,108,10
17,30,47,63,75,92,109,11
18,31,48,64,76,93,100,0
19,32,49,65,77,94,101,1
20,33,50,66,78,95,102,2
21,34,51,67,79,96,103,3
22,35,52,68,80,97,104,4
23,36,53,69,81,98,105,5
24,37,54,55,82,99,106,6
12,25,38,56,70,83,100,7
13,26,39,57,71,84,101,8
14,27,40,58,72,85,102,9
15,28,41,59,73,86,103,10
16,29,42,60,74,87,104,11
17,30,43,61,75,88,105,0
18,31,44,62,76,89,106,1
19,32,45,63,77,90,107,2
20,33,46,64,78,91,108,3
21,34,47,65,79,92,109,4
22,35,48,66,80,93,100,5
23,36,49,67,81,94,101,6
24,37,50,68,82,95,102,7
12,25,51,69,70,96,103,8
13,26,52,55,71,97,104,9
14,27,53,56,72,98,105,10
15,28,54,57,73,99,106,11
16,29,38,58,74,83,100,0
17,30,39,59,75,84,101,1
18,31,40,60,76,85,102,2
19,32,41,61,77,86,103,3
20,33,42,62,78,87,104,4
21,34,43,63,79,88,105,5
22,35,44,64,80,89,106,6
23,36,45,65,81,90,107,7
24,37,46,66,82,91,108,8
12,25,47,67,70,92,109,9
13,26,48,68,71,93,100,10
14,27,49,69,72,94,101,11
15,28,50,55,73,95,102,0
16,29,51,56,74,96,103,1
17,30,52,57,75,97,104,2
18,31,53,58,76,98,105,3
19,32,54,59,77,99,106,4
20,33,38,60,78,83,100,5
21,34,39,61,79,84,101,6
22,35,40,62,80,85,102,7
23,36,41,63,81,86,103,8
24,37,42,64,82,87,104,9
12,25,43,65,70,88,105,10
13,26,44,66,71,89,106,11
14,27,45,67,72,90,107,0
15,28,46,68,73,91,108,1
16,29,47,69,74,92,109,2
17,30,48,55,75,93,100,3
18,31,49,56,76,94,101,4
19,32,50,57,77,95,102,5
20,33,51,58,78,96,103,6
21,34,52,59,79,97,104,7
22,35,53,60,80,98,105,8
23,36,54,61,81,99,106,9
24,37,38,62,82,83,100,10
12,25,39,63,70,84,101,11
13,26,40,64,71,85,102,0
14,27,41,65,72,86,103,1
15,28,42,66,73,87,104,2
16,29,43,67,74,88,105,3
17,30,44,68,75,89,106,4
18,31,45,69,76,90,107,5
19,32,46,55,77,91,108,6
20,33,47,56,78,92,109,7
21,34,48,57,79,93,100,8
22,35,49,58,80,94,101,9
23,36,50,59,81,95,102,10
24,37,51,60,82,96,103,11
12,25,52,61,70,97,104,0
13,26,53,62,71,98,105,1
14,27,54,63,72,99,106,2
15,28,38,64,73,83,100,3
16,29,39,65,74,84,101,4
17,30,40,66,75,85,102,5
18,31,41,67,76,86,103,6
19,32,42,68,77,87,104,7
20,33,43,69,78,88,105,8
21,34,44,55,79,89,106,9
22,35,45,56,80,90,107,10
23,36,46,57,81,91,108,11
24,37,47,58,82,92,109,0
12,25,48,59,70,93,100,1
13,26,49,60,71,94,101,2
14,27,50,61,72,95,102,3
15,28,51,62,73,96,103,4
16,29,52,63,74,97,104,5
17,30,53,64,75,98,105,6
18,31,54,65,76,99,106,7
19,32,38,66,77,83,100,8
20,33,39,67,78,84,101,9
21,34,40,68,79,85,102,10
22,35,41,69,80,86,103,11
23,36,42,55,81,87,104,0
24,37,43,56,82,88,105,1
12,25,44,57,70,89,106,2
13,26,45,58,71,90,107,3
14,27,46,59,72,91,108,4
15,28,47,60,73,92,109,5
16,29,48,61,74,93,100,6
17,30,49,62,75,94,101,7
18,31,50,63,76,95,102,8
19,32,51,64,77,96,103,9
20,33,52,65,78,97,104,10
21,34,53,66,79,98,105,11
22,35,54,67,80,99,106,0
23,36,38,68,81,83,100,1
24,37,39,69,82,84,101,2
12,25,40,55,70,85,102,3
13,26,41,56,71,86,103,4
14,27,42,57,72,87,104,5
15,28,43,58,73,88,105,6
16,29,44,59,74,89,106,7
17,30,45,60,75,90,107,8
18,31,46,61,76,91,108,9
19,32,47,62,77,92,109,10
20,33,48,63,78,93,100,11
21,34,49,64,79,94,101,0
22,35,50,65,80,95,102,1
23,36,51,66,81,96,103,2
24,37,52,67,82,97,104,3
12,25,53,68,70,98,105,4
13,26,54,69,71,99,106,5
14,27,38,55,72,83,100,6
15,28,39,56,73,84,101,7
16,29,40,57,74,85,102,8
17,30,41,58,75,86,103,9
18,31,42,59,76,87,104,10
19,32,43,60,77,88,105,11
20,33,44,61,78,89,106,0
21,34,45,62,79,90,107,1
22,35,46,63,80,91,108,2
23,36,47,64,81,92,109,3
24,37,48,65,82,93,100,4
12,25,49,66,70,94,101,5
13,26,50,67,71,95,102,6
14,27,51,68,72,96,103,7
15,28,52,69,73,97,104,8
16,29,53,55,74,98,105,9
17,30,54,56,75,99,106,10
18,31,38,57,76,83,100,11
19,32,39,58,77,84,101,0
20,33,40,59,78,85,102,1
21,34,41,60,79,86,103,2
22,35,42,61,80,87,104,3
23,36,43,62,81,88,105,4
24,37,44,63,82,89,106,5
12,25,45,64,70,90,107,6
13,26,46,65,71,91,108,7
14,27,47,66,72,92,109,8
15,28,48,67,73,93,100,9
16,29,49,68,74,94,101,10
17,30,50,69,75,95,102,11
18,31,51,55,76,96,103,0
19,32,52,56,77,97,104,1
20,33,53,57,78,98,105,2
21,34,54,58,79,99,106,3
22,35,38,59,80,83,100,4
23,36,39,60,81,84,101,5
24,37,40,61,82,85,102,6
12,25,41,62,70,86,103,7
13,26,42,63,71,87,104,8
14,27,43,64,72,88,105,9
15,28,44,65,73,89,106,10
16,29,45,66,74,90,107,11
17,30,46,67,75,91,108,0
18,31,47,68,76,92,109,1
19,32,48,69,77,93,100,2
20,33,49,55,78,94,101,3
21,34,50,56,79,95,102,4
22,35,51,57,80,96,103,5
23,36,52,58,81,97,104,6
24,37,53,59,82,98,105,7
12,25,54,60,70,99,106,8
13,26,38,61,71,83,100,9
14,27,39,62,72,84,101,10
15,28,40,63,73,85,102,11
16,29,41,64,74,86,103,0
17,30,42,65,75,87,104,1
18,31,43,66,76,88,105,2
19,32,44,67,77,89,106,3
20,33,45,68,78,90,107,4
21,34,46,69,79,91,108,5
22,35,47,55,80,92,109,6
23,36,48,56,81,93,100,7
24,37,49,57,82,94,101,8
12,25,50,58,70,95,102,9
13,26,51,59,71,96,103,10
14,27,52,60,72,97,104,11
15,28,53,61,73,98,105,0
16,29,54,62,74,99,106,1
17,30,38,63,75,83,100,2
18,31,39,64,76,84,101,3
19,32,40,65,77,85,102,4
20,33,41,66,78,86,103,5
21,34,42,67,79,87,104,6
22,35,43,68,80,88,105,7
23,36,44,69,81,89,106,8
24,37,45,55,82,90,107,9
12,25,46,56,70,91,108,10
13,26,47,57,71,92,109,11
14,27,48,58,72,93,100,0
15,28,49,59,73,94,101,1
16,29,50,60,74,95,102,2
17,30,51,61,75,96,103,3
18,31,52,62,76,97,104,4
19,32,53,63,77,98,105,5
20,33,54,64,78,99,106,6
21,34,38,65,79,83,100,7
22,35,39,66,80,84,101,8
23,36,40,67,81,85,102,9
24,37,41,68,82,86,103,10
12,25,42,69,70,87,104,11
13,26,43,55,71,88,105,0
14,27,44,56,72,89,106,1
15,28,45,57,73,90,107,2
16,29,46,58,74,91,108,3
17,30,47,59,75,92,109,4
18,31,48,60,76,93,100,5
19,32,49,61,77,94,101,6
20,33,50,62,78,95,102,7
21,34,51,63,79,96,103,8
22,35,52,64,80,97,104,9
23,36,53,65,81,98,105,10
24,37,54,66,82,99,106,11
12,25,38,67,70,83,100,0
13,26,39,68,71,84,101,1
14,27,40,69,72,85,102,2
15,28,41,55,73,86,103,3
16,29,42,56,74,87,104,4
17,30,43,57,75,88,105,5
18,31,44,58,76,89,106,6
19,32,45,59,77,90,107,7
20,33,46,60,78,91,108,8
21,34,47,61,79,92,109,9
22,35,48,62,80,93,100,10
23,36,49,63,81,94,101,11
24,37,50,64,82,95,102,0
12,25,51,65,70,96,103,1
13,26,52,66,71,97,104,2
14,27,53,67,72,98,105,3
15,28,54,68,73,99,106,4
16,29,38,69,74,83,100,5
17,30,39,55,75,84,101,6
18,31,40,56,76,85,102,7
19,32,41,57,77,86,103,8
20,33,42,58,78,87,104,9
21,34,43,59,79,88,105,10
22,35,44,60,80,89,106,11
23,36,45,61,81,90,107,0
24,37,46,62,82,91,108,1
12,25,47,63,70,92,109,2
13,26,48,64,71,93,100,3
14,27,49,65,72,94,101,4
15,28,50,66,73,95,102,5
16,29,51,67,74,96,103,6
17,30,52,68,75,97,104,7
18,31,53,69,76,98,105,8
19,32,54,55,77,99,106,9
20,33,38,56,78,83,100,10
21,34,39,57,79,84,101,11
22,35,40,58,80,85,102,0
23,36,41,59,81,86,103,1
24,37,42,60,82,87,104,2
12,25,43,61,70,88,105,3
13,26,44,62,71,89,106,4
14,27,45,63,72,90,107,5
15,28,46,64,73,91,108,6
16,29,47,65,74,92,109,7
17,30,48,66,75,93,100,8
18,31,49,67,76,94,101,9
19,32,50,68,77,95,102,10
20,33,51,69,78,96,103,11
21,34,52,55,79,97,104,0
22,35,53,56,80,98,105,1
23,36,54,57,81,99,106,2
24,37,38,58,82,83,100,3
12,25,39,59,70,84,101,4
13,26,40,60,71,85,102,5
14,27,41,61,72,86,103,6
15,28,42,62,73,87,104,7
16,29,43,63,74,88,105,8
17,30,44,64,75,89,106,9
18,31,45,65,76,90,107,10
19,32,46,66,77,91,108,11
20,33,47,67,78,92,109,0
21,34,48,68,79,93,100,1
22,35,49,69,80,94,101,2
23,36,50,55,81,95,102,3
24,37,51,56,82,96,103,4
12,25,52,57,70,97,104,5
13,26,53,58,71,98,105,6
14,27,54,59,72,99,106,7
15,28,38,60,73,83,100,8
16,29,39,61,74,84,101,9
17,30,40,62,75,85,102,10
18,31,41,63,76,86,103,11
19,32,42,64,77,87,104,0
20,33,43,65,78,88,105,1
21,34,44,66,79,89,106,2
22,35,45,67,80,90,107,3
23,36,46,68,81,91,108,4
24,37,47,69,82,92,109,5
12,25,48,55,70,93,100,6
13,26,49,56,71,94,101,7
14,27,50,57,72,95,102,8
15,28,51,58,73,96,103,9
16,29,52,59,74,97,104,10
17,30,53,60,75,98,105,11
18,31,54,61,76,99,106,0
19,32,38,62,77,83,100,1
20,33,39,63,78,84,101,2
21,34,40,64,79,85,102,3
22,35,41,65,80,86,103,4
23,36,42,66,81,87,104,5
24,37,43,67,82,88,105,6
12,25,44,68,70,89,106,7
13,26,45,69,71,90,107,8
14,27,46,55,72,91,108,9
15,28,47,56,73,92,109,10
16,29,48,57,74,93,100,11
17,30,49,58,75,94,101,0
18,31,50,59,76,95,102,1
19,32,51,60,77,96,103,2
20,33,52,61,78,97,104,3
21,34,53,62,79,98,105,4
22,35,54,63,80,99,106,5
23,36,38,64,81,83,100,6
24,37,39,65,82,84,101,7
12,25,40,66,70,85,102,8
13,26,41,67,71,86,103,9
14,27,42,68,72,87,104,10
15,28,43,69,73,88,105,11
16,29,44,55,74,89,106,0
17,30,45,56,75,90,107,1
18,31,46,57,76,91,108,2
19,32,47,58,77,92,109,3
20,33,48,59,78,93,100,4
21,34,49,60,79,94,101,5
22,35,50,61,80,95,102,6
23,36,51,62,81,96,103,7
24,37,52,63,82,97,104,8
12,25,53,64,70,98,105,9
13,26,54,65,71,99,106,10
14,27,38,66,72,83,100,11
15,28,39,67,73,84,101,0
16,29,40,68,74,85,102,1
17,30,41,69,75,86,103,2
18,31,42,55,76,87,104,3
19,32,43,56,77,88,105,4
20,33,44,57,78,89,106,5
21,34,45,58,79,90,107,6
22,35,46,59,80,91,108,7
23,36,47,60,81,92,109,8
24,37,48,61,82,93,100,9
12,25,49,62,70,94,101,10
13,26,50,63,71,95,102,11
14,27,51,64,72,96,103,0
15,28,52,65,73,97,104,1
16,29,53,66,74,98,105,2
17,30,54,67,75,99,106,3
18,31,38,68,76,83,100,4
19,32,39,69,77,84,101,5
20,33,40,55,78,85,102,6
21,34,41,56,79,86,103,7
22,35,42,57,80,87,104,8
23,36,43,58,81,88,105,9
24,37,44,59,82,89,106,10
12,25,45,60,70,90,107,11
13,26,46,61,71,91,108,0
14,27,47,62,72,92,109,1
15,28,48,63,73,93,100,2
16,29,49,64,74,94,101,3
17,30,50,65,75,95,102,4
18,31,51,66,76,96,103,5
19,32,52,67,77,97,104,6
20,33,53,68,78,98,105,7
21,34,54,69,79,99,106,8
22,35,38,55,80,83,100,9
23,36,39,56,81,84,101,10
24,37,40,57,82,85,102,11
