0,0,[0;34;113;159;191;275;301;349;375;393;454;521;547;586;634;679;710;752;787;828;871;896;929;954;999;1036;1097;1135;1157;1198;1252;1303;1345;1379;1410;1436;1494;1521;1549;1565;1594;1620;1649;1687;1727;1769;1813;1866;1917;1968]
1,0,[1;41;116;160;198;276;302;350;376;394;456;522;557;593;635;680;709;755;799;833;872;897;930;955;1000;1037;1098;1137;1158;1199;1266;1306;1346;1381;1411;1442;1495;1525;1548;1567;1595;1622;1664;1689;1728;1770;1814;1868;1918;1969]
2,0,[2;42;117;161;202;277;309;351;377;395;467;523;558;594;636;681;717;758;801;839;873;898;935;956;1001;1038;1099;1138;1159;1200;1267;1307;1347;1382;1419;1443;1496;1526;1552;1569;1596;1623;1661;1690;1729;1771;1815;1867;1919;1970]
3,0,[3;43;118;162;203;278;310;352;378;396;455;531;559;595;637;682;718;759;802;843;874;905;936;957;1002;1039;1103;1139;1165;1205;1268;1308;1348;1384;1414;1444;1497;1527;1550;1573;1597;1627;1665;1691;1730;1775;1816;1870;1921]
4,0,[10;49;119;163;204;279;311;358;379;397;468;532;572;601;638;683;719;760;803;844;875;906;937;965;1003;1040;1105;1140;1166;1207;1272;1310;1349;1385;1420;1445;1498;1530;1554;1568;1598;1630;1666;1692;1731;1776;1817;1871;1923]
5,0,[14;50;128;166;205;282;319;359;380;398;469;533;573;602;647;686;721;767;804;845;876;907;939;979;1005;1041;1104;1144;1167;1208;1281;1316;1350;1387;1421;1446;1499;1531;1547;1575;1599;1631;1667;1699;1736;1777;1818;1872;1920]
6,0,[15;51;129;167;206;283;320;360;381;399;481;534;574;603;658;687;730;768;805;849;879;910;940;980;1006;1042;1107;1145;1172;1206;1282;1319;1351;1386;1422;1449;1504;1532;1553;1576;1605;1632;1668;1700;1734;1786;1819;1878;1934]
7,0,[16;70;130;168;207;284;321;361;382;400;488;536;575;604;656;688;731;769;806;850;880;917;941;981;1007;1043;1108;1146;1173;1220;1283;1321;1352;1388;1426;1450;1505;1533;1555;1577;1606;1638;1669;1701;1738;1788;1826;1879;1935]
8,0,[19;71;131;176;208;285;327;365;383;401;489;537;576;608;659;689;732;770;807;851;881;918;942;982;1010;1048;1109;1147;1174;1221;1284;1322;1353;1393;1428;1451;1500;1537;1556;1578;1607;1639;1670;1706;1742;1793;1827;1884;1936]
9,0,[22;72;138;177;220;286;328;366;384;418;490;538;577;609;660;690;739;771;817;852;883;919;943;983;1011;1050;1114;1148;1175;1222;1286;1323;1368;1394;1427;1452;1506;1538;1557;1583;1610;1640;1672;1707;1737;1795;1828;1885;1955]
10,0,[23;82;141;178;221;289;329;367;385;419;494;539;578;610;661;691;745;772;819;853;888;920;944;984;1012;1052;1115;1149;1182;1223;1293;1324;1369;1395;1429;1484;1507;1539;1558;1584;1611;1641;1673;1708;1743;1787;1832;1886;1957]
11,0,[24;83;142;179;222;290;340;368;386;420;495;540;580;611;662;696;746;773;818;854;889;921;945;985;1030;1055;1116;1150;1181;1232;1285;1325;1370;1396;1430;1485;1508;1540;1559;1585;1612;1643;1674;1717;1744;1794;1833;1887;1958]
12,0,[25;86;143;180;224;291;342;370;387;422;496;541;581;612;663;697;747;774;820;860;890;922;949;992;1031;1056;1117;1151;1183;1226;1294;1326;1371;1403;1431;1486;1509;1542;1560;1586;1613;1644;1678;1718;1752;1796;1834;1896;1959]
13,0,[27;87;144;181;241;292;343;371;388;423;503;542;582;613;670;705;749;775;821;861;892;925;950;993;1032;1057;1128;1152;1188;1235;1295;1327;1372;1405;1432;1487;1510;1543;1561;1587;1614;1645;1679;1712;1753;1797;1858;1907;1960]
14,0,[31;88;149;188;269;293;344;372;389;424;511;544;583;629;671;706;750;780;822;862;893;926;951;994;1033;1058;1129;1153;1189;1238;1299;1328;1373;1404;1434;1488;1514;1544;1562;1588;1615;1646;1680;1719;1754;1798;1839;1905;1961]
15,0,[32;93;157;189;270;294;347;373;390;425;519;545;584;631;672;707;751;785;826;869;894;927;952;998;1034;1066;1130;1155;1190;1250;1301;1329;1378;1406;1433;1489;1515;1545;1563;1589;1619;1647;1686;1720;1756;1811;1864;1914;1966]
16,0,[33;103;158;190;271;300;348;374;391;442;520;546;585;633;673;708;753;786;827;870;895;928;953;996;1035;1086;1131;1156;1194;1251;1302;1344;1380;1409;1435;1493;1516;1546;1564;1592;1621;1648;1688;1723;1768;1812;1865;1906;1967]
17,1,[0;26;60;106;146;182;210;259;290;325;355;395;456;487;530;578;614;648;674;717;754;774;805;837;858;892;926;965;994;1034;1088;1119;1142;1174;1207;1232;1257;1301;1344;1368;1388;1418;1447;1485;1522;1556;1599;1620;1664;1708;1751;1796;1817;1873;1905;1959;2015;2056;2087;2127;2192;2242;2272;2330;2368;2405;2449;2502;2551;2615;2657;2691;2742;2798;2878;2916]
18,1,[1;29;64;107;148;183;211;262;291;326;356;394;457;488;535;579;615;649;675;720;755;775;806;839;860;891;931;966;1006;1036;1089;1120;1143;1175;1208;1233;1258;1316;1345;1369;1390;1417;1448;1494;1533;1569;1600;1621;1665;1710;1752;1797;1835;1868;1912;1960;2016;2059;2088;2142;2193;2249;2273;2332;2369;2408;2450;2503;2552;2612;2658;2707;2746;2799;2879;2917]
19,1,[2;38;65;111;149;184;212;263;294;334;358;405;458;500;540;585;616;655;676;721;757;776;807;841;861;894;936;967;1008;1035;1092;1126;1144;1176;1209;1234;1259;1302;1346;1370;1391;1420;1449;1495;1534;1563;1601;1622;1666;1712;1772;1798;1829;1874;1913;1961;2017;2061;2098;2143;2194;2250;2284;2333;2371;2409;2454;2504;2553;2616;2660;2708;2747;2801;2881;2923]
20,1,[3;39;66;112;150;185;223;264;298;335;359;414;462;499;541;589;618;656;682;722;758;784;808;842;862;895;925;976;1012;1037;1094;1127;1145;1180;1210;1235;1260;1317;1347;1371;1392;1423;1450;1498;1535;1570;1602;1635;1674;1722;1767;1799;1837;1875;1914;1967;2018;2062;2099;2144;2203;2251;2275;2334;2372;2411;2461;2512;2563;2617;2659;2709;2748;2813;2880;2924]
21,1,[4;40;75;113;151;187;224;266;299;336;360;415;464;505;542;590;619;657;683;728;759;786;809;843;864;896;937;977;1007;1038;1095;1128;1147;1181;1213;1236;1261;1318;1351;1372;1396;1425;1461;1500;1536;1568;1603;1636;1675;1723;1773;1804;1836;1876;1916;1986;2019;2055;2100;2157;2204;2252;2288;2335;2373;2410;2462;2514;2565;2625;2670;2720;2754;2820;2896;2925]
22,1,[5;41;77;115;152;188;225;267;300;337;364;416;463;506;558;591;620;658;684;729;761;787;812;844;865;901;938;974;1014;1039;1096;1130;1148;1182;1214;1238;1262;1319;1354;1373;1397;1424;1462;1499;1538;1576;1604;1637;1676;1724;1774;1805;1838;1877;1917;1968;2024;2063;2109;2159;2205;2253;2289;2341;2377;2412;2463;2516;2566;2626;2671;2724;2760;2823;2897;2927]
23,1,[6;42;78;117;160;189;229;268;303;338;365;428;471;507;559;592;623;659;689;730;762;785;813;845;866;904;939;978;1013;1040;1101;1129;1149;1190;1215;1239;1264;1320;1355;1375;1398;1427;1463;1502;1539;1573;1605;1644;1677;1726;1778;1807;1839;1879;1918;1995;2025;2070;2110;2158;2208;2254;2290;2342;2379;2413;2468;2515;2567;2627;2672;2725;2761;2821;2898;2928]
24,1,[7;44;79;118;161;190;238;269;305;339;366;429;472;508;560;595;624;660;690;739;763;788;814;846;867;905;940;981;1019;1047;1103;1131;1150;1188;1219;1240;1265;1307;1356;1376;1401;1432;1480;1504;1540;1577;1606;1648;1685;1727;1780;1810;1851;1881;1924;1969;2026;2069;2111;2165;2210;2255;2291;2343;2380;2426;2469;2517;2572;2632;2673;2726;2762;2822;2903;2929]
25,1,[8;45;80;119;162;192;239;274;306;340;373;430;473;509;564;596;625;661;691;740;764;789;815;847;868;906;948;985;1020;1048;1102;1132;1151;1191;1217;1241;1266;1321;1357;1377;1402;1436;1481;1506;1541;1578;1607;1649;1686;1711;1782;1813;1852;1882;1925;1996;2032;2071;2112;2164;2209;2256;2308;2344;2381;2427;2470;2530;2573;2633;2674;2729;2773;2824;2904]
26,1,[10;46;81;120;163;193;240;276;307;341;374;431;475;513;566;597;632;662;692;741;765;790;816;848;882;907;949;986;1021;1049;1104;1133;1152;1192;1220;1243;1270;1322;1358;1380;1403;1437;1465;1503;1546;1591;1608;1650;1695;1728;1781;1806;1853;1883;1926;1997;2043;2072;2113;2166;2211;2257;2309;2345;2385;2428;2475;2531;2574;2634;2676;2730;2774;2826;2905;2947]
27,1,[11;50;82;122;165;194;241;277;308;342;375;432;479;514;567;600;633;663;693;743;766;795;817;850;884;909;950;987;1022;1069;1109;1135;1153;1194;1221;1244;1281;1323;1361;1381;1404;1438;1482;1508;1544;1593;1611;1652;1696;1735;1783;1814;1854;1884;1936;1999;2044;2074;2115;2167;2213;2260;2310;2346;2388;2429;2476;2538;2595;2639;2677;2731;2765;2827;2907]
28,1,[12;51;85;123;168;196;244;278;309;343;377;440;480;515;568;602;634;665;706;745;768;796;818;852;885;915;951;988;1023;1070;1110;1136;1160;1196;1223;1245;1282;1324;1362;1382;1410;1441;1483;1510;1547;1588;1613;1653;1697;1736;1784;1815;1855;1885;1937;2000;2045;2075;2114;2168;2223;2261;2314;2347;2396;2430;2477;2545;2596;2640;2678;2732;2775;2828;2908]
29,1,[15;52;88;124;169;197;245;284;310;344;376;441;481;516;571;603;640;666;707;746;769;797;831;851;886;908;952;989;1024;1071;1111;1137;1162;1195;1224;1252;1283;1331;1363;1383;1411;1442;1484;1509;1548;1592;1614;1654;1699;1737;1785;1816;1856;1886;1938;2001;2050;2076;2121;2169;2224;2262;2325;2358;2401;2431;2478;2546;2604;2641;2679;2733;2783;2829;2909]
30,1,[16;53;89;136;170;198;246;285;315;348;384;442;482;517;572;604;641;667;708;747;770;798;832;854;887;916;959;990;1025;1083;1112;1138;1163;1200;1225;1253;1284;1336;1364;1384;1412;1443;1490;1515;1549;1594;1615;1655;1700;1740;1787;1818;1862;1888;1940;2011;2051;2079;2122;2170;2212;2267;2326;2361;2402;2432;2487;2547;2605;2642;2681;2734;2785;2830;2912]
31,1,[17;54;90;142;171;206;247;286;316;349;385;449;474;527;573;605;642;671;709;748;771;799;833;853;888;917;960;991;1029;1084;1113;1139;1165;1201;1228;1254;1286;1337;1365;1385;1413;1444;1491;1516;1550;1595;1617;1658;1706;1748;1788;1822;1869;1890;1941;2013;2052;2084;2123;2178;2225;2268;2327;2362;2403;2435;2488;2548;2606;2643;2686;2735;2784;2831;2913]
32,1,[24;58;104;143;173;207;257;288;317;350;386;450;485;528;574;606;644;672;710;749;772;803;835;855;889;918;961;992;1030;1085;1114;1140;1164;1202;1229;1256;1288;1338;1366;1386;1414;1445;1492;1520;1554;1596;1618;1659;1707;1749;1789;1823;1870;1889;1942;2012;2053;2085;2125;2179;2240;2269;2328;2363;2404;2445;2489;2549;2607;2644;2689;2740;2790;2858;2914]
33,1,[25;59;105;144;181;208;258;289;324;354;393;451;486;529;577;607;647;673;713;753;773;804;836;856;890;924;964;993;1031;1087;1118;1141;1166;1203;1230;1246;1287;1342;1367;1387;1416;1446;1493;1521;1555;1598;1619;1660;1709;1750;1795;1824;1872;1900;1949;2014;2054;2086;2126;2180;2241;2271;2329;2367;2406;2448;2490;2550;2608;2645;2690;2741;2797;2875;2915]
34,2,[0;22;52;84;115;146;209;230;273;305;323;352;383;408;432;473;495;566;602;632;667;702;735;756;778;799;848;882;921;947;983;1016;1055;1082;1119;1160;1193;1221;1254;1287;1318;1337;1368;1401;1426;1468;1496;1527;1550;1585;1620;1678;1700;1738;1805;1848;1875;1904;1939;1979;2025;2067;2090;2147;2188;2216;2296;2336;2384;2418;2449;2480;2502;2539;2573;2620;2661;2729;2762;2790;2827;2849;2852;2893;2930;2987]
35,2,[1;23;53;85;116;154;210;231;274;306;324;354;385;409;441;474;526;567;601;633;670;706;736;757;779;812;851;886;922;950;995;1017;1058;1088;1114;1161;1196;1222;1255;1288;1319;1338;1369;1402;1427;1469;1499;1529;1551;1586;1631;1680;1701;1739;1799;1849;1878;1905;1940;1980;2026;2068;2098;2146;2189;2218;2314;2337;2390;2419;2450;2481;2504;2546;2575;2621;2662;2731;2763;2792;2828;2862;2892;2931]
36,2,[2;24;54;86;117;155;212;232;275;307;325;355;386;410;442;476;528;577;603;634;671;707;738;758;781;824;852;888;923;951;996;1029;1061;1089;1125;1162;1197;1223;1256;1289;1320;1339;1371;1404;1429;1470;1500;1530;1552;1587;1632;1681;1702;1741;1827;1853;1882;1908;1941;1981;2030;2071;2106;2148;2190;2214;2315;2338;2394;2422;2451;2482;2505;2547;2574;2624;2663;2732;2765;2793;2829;2863;2894;2936]
37,2,[3;27;56;87;120;156;211;234;276;309;330;356;387;416;443;482;529;578;605;636;672;711;737;759;782;825;853;889;924;952;997;1030;1062;1090;1126;1163;1198;1227;1260;1290;1321;1340;1379;1403;1430;1471;1501;1531;1559;1588;1633;1682;1703;1753;1815;1854;1881;1912;1942;1982;2045;2072;2107;2149;2191;2219;2276;2345;2395;2424;2452;2483;2506;2548;2578;2626;2668;2733;2766;2794;2826;2864;2895;2937]
38,2,[4;28;57;89;121;158;213;236;277;308;331;358;388;417;444;483;530;581;606;637;674;712;739;760;783;826;864;890;926;954;998;1031;1063;1094;1127;1167;1199;1229;1262;1292;1322;1341;1380;1407;1431;1472;1502;1533;1560;1589;1634;1683;1704;1754;1828;1855;1883;1913;1947;1983;2046;2073;2108;2150;2192;2220;2316;2353;2396;2425;2453;2487;2507;2552;2590;2628;2681;2730;2767;2805;2830;2872;2897;2938]
39,2,[5;29;58;91;122;159;214;237;278;311;332;357;389;418;445;484;532;576;607;638;675;713;740;761;784;827;868;893;927;963;999;1032;1064;1097;1128;1176;1200;1230;1261;1300;1323;1348;1381;1409;1440;1476;1503;1535;1561;1590;1635;1684;1705;1755;1829;1856;1884;1914;1948;1984;2047;2074;2114;2151;2194;2222;2318;2355;2398;2426;2454;2485;2508;2553;2593;2627;2690;2734;2769;2806;2831;2874;2898;2948]
40,2,[10;30;59;88;123;160;215;238;280;310;333;359;390;419;452;485;533;582;610;643;676;708;741;762;785;828;869;894;925;956;1000;1033;1065;1098;1130;1177;1208;1228;1263;1302;1324;1349;1383;1410;1439;1478;1512;1538;1562;1591;1640;1685;1714;1756;1835;1857;1885;1918;1949;1990;2048;2075;2111;2152;2196;2242;2320;2354;2404;2430;2458;2488;2510;2554;2594;2632;2691;2738;2775;2807;2832;2877;2899;2949]
41,2,[11;33;60;92;124;190;216;241;281;312;340;360;391;420;457;487;534;583;616;645;679;714;742;763;789;829;870;883;928;965;1001;1034;1066;1099;1146;1178;1209;1232;1269;1303;1325;1350;1384;1408;1444;1477;1513;1539;1572;1597;1637;1686;1715;1776;1836;1860;1886;1919;1953;1991;2049;2076;2115;2155;2197;2260;2319;2363;2405;2436;2459;2489;2511;2558;2595;2633;2692;2744;2776;2816;2833;2873;2900;2964]
42,2,[12;34;61;93;128;191;217;242;282;313;341;363;393;422;458;488;549;584;617;646;681;717;743;764;790;830;871;895;929;966;1002;1038;1067;1103;1147;1181;1210;1233;1270;1304;1327;1355;1385;1411;1445;1481;1514;1534;1544;1598;1641;1687;1716;1777;1837;1862;1887;1920;1954;1992;2054;2083;2116;2156;2198;2261;2321;2364;2406;2437;2460;2471;2512;2561;2598;2634;2693;2745;2777;2817;2837;2881;2901;2965]
43,2,[13;35;62;94;130;192;218;243;283;315;342;364;394;423;459;489;555;585;618;647;682;718;744;766;791;831;872;896;930;967;1004;1039;1068;1109;1148;1182;1211;1234;1271;1305;1328;1356;1388;1413;1446;1482;1516;1540;1573;1599;1642;1688;1723;1778;1838;1863;1871;1921;1955;1996;2055;2084;2125;2157;2199;2262;2326;2365;2407;2438;2463;2491;2513;2562;2599;2637;2694;2746;2778;2818;2839;2883;2904;2966]
44,2,[14;44;64;107;131;193;219;248;284;316;343;365;395;424;460;490;557;586;619;653;683;719;746;767;792;832;873;900;931;968;1005;1040;1069;1110;1151;1183;1212;1235;1275;1306;1329;1357;1389;1414;1447;1483;1518;1541;1574;1603;1647;1691;1724;1781;1839;1864;1888;1923;1963;1997;2056;2085;2126;2166;2200;2271;2327;2366;2408;2439;2464;2492;2515;2563;2600;2609;2695;2749;2780;2819;2838;2882;2910;2968]
45,2,[16;45;65;108;132;196;220;249;285;317;345;369;396;425;464;492;558;587;622;654;691;729;747;768;793;833;875;907;934;969;1006;1041;1073;1111;1152;1184;1213;1236;1276;1307;1330;1358;1390;1415;1448;1486;1519;1542;1577;1604;1648;1692;1725;1787;1840;1865;1894;1934;1964;1998;2057;2091;2127;2168;2205;2273;2328;2367;2413;2440;2466;2493;2514;2564;2603;2638;2696;2753;2781;2820;2844;2884;2911;2974]
46,2,[17;46;66;109;134;205;221;250;286;318;346;371;397;426;465;494;559;594;623;655;692;730;748;771;794;834;876;908;935;974;1007;1044;1075;1113;1153;1186;1214;1237;1277;1313;1331;1359;1391;1417;1461;1487;1520;1543;1579;1605;1649;1693;1727;1788;1841;1866;1895;1935;1965;2019;2058;2092;2132;2167;2206;2274;2330;2376;2414;2441;2469;2496;2519;2565;2604;2639;2697;2754;2782;2783;2845;2886;2912;2975]
47,2,[18;47;79;110;133;206;222;252;296;320;347;376;398;427;466;496;562;595;624;656;694;731;749;774;795;835;878;909;936;975;1010;1051;1076;1115;1154;1187;1215;1240;1278;1314;1333;1360;1392;1422;1462;1491;1521;1545;1578;1606;1655;1695;1734;1789;1842;1868;1896;1922;1973;2020;2061;2093;2133;2177;2207;2275;2331;2378;2415;2442;2470;2497;2521;2566;2605;2650;2698;2755;2784;2821;2846;2887;2915;2976]
48,2,[19;48;80;112;143;200;225;269;297;321;349;381;402;429;470;508;563;597;625;661;693;732;750;775;796;844;879;910;939;976;1011;1052;1077;1117;1155;1188;1219;1245;1283;1315;1334;1361;1393;1423;1463;1493;1523;1546;1580;1609;1656;1696;1735;1794;1843;1869;1897;1936;1974;2021;2062;2095;2134;2185;2208;2277;2332;2377;2416;2443;2475;2498;2522;2569;2610;2653;2712;2756;2785;2822;2847;2888;2927;2986]
49,2,[20;49;81;113;144;207;228;270;298;319;350;370;403;431;472;510;564;598;626;662;700;733;751;776;797;845;880;911;941;981;1012;1053;1080;1116;1157;1191;1217;1246;1285;1316;1335;1363;1394;1424;1465;1494;1525;1547;1581;1610;1657;1697;1736;1795;1845;1872;1902;1937;1975;2012;2064;2097;2143;2186;2212;2278;2333;2380;2417;2444;2478;2500;2523;2571;2611;2654;2714;2757;2788;2823;2850;2890;2928;2988]
50,2,[21;50;83;114;145;208;229;272;304;322;351;382;404;433;461;509;565;599;631;663;701;734;755;777;798;846;881;920;940;982;1015;1054;1081;1118;1159;1192;1220;1247;1286;1317;1336;1367;1395;1425;1467;1492;1526;1548;1584;1611;1665;1698;1737;1796;1847;1873;1903;1938;1977;2024;2063;2099;2145;2187;2215;2288;2335;2379;2409;2448;2479;2501;2530;2570;2619;2655;2713;2761;2789;2825;2851;2891;2929]
51,3,[7;30;52;78;118;144;191;210;238;269;294;316;341;371;397;424;449;483;511;543;579;602;629;666;701;737;768;797;828;885;913;941;983;1027;1082;1118;1154;1192;1225;1259;1287;1331;1364;1417;1454;1509;1575;1606;1646;1700;1733;1760;1786;1807;1837;1867;1918;1948;2001;2046;2073;2122;2169;2224;2287;2314;2349;2384;2416;2471;2540;2562;2594;2608;2637;2662;2688;2730;2758;2825;2858;2904;2927;2954;2994;3035;3078;3138;3165;3205;3240]
52,3,[8;31;53;79;119;145;192;211;244;270;295;317;346;372;400;426;452;484;515;544;580;603;631;667;702;738;769;799;829;886;914;943;984;1028;1067;1119;1158;1193;1226;1261;1288;1333;1367;1433;1455;1513;1576;1614;1648;1701;1735;1761;1787;1808;1838;1868;1919;1957;2002;2047;2074;2137;2187;2236;2288;2315;2360;2386;2415;2473;2541;2561;2609;2640;2665;2689;2731;2766;2826;2859;2907;2928;2939;2955;2995;3037;3079;3136;3167;3207;3241]
53,3,[9;33;54;81;120;146;193;213;245;271;296;324;347;373;401;427;453;485;516;551;581;605;632;668;704;739;770;798;835;887;915;944;985;1029;1083;1120;1168;1194;1227;1262;1289;1334;1368;1435;1459;1514;1577;1617;1647;1702;1736;1762;1788;1809;1840;1869;1920;1958;2003;2048;2075;2138;2188;2250;2289;2317;2361;2390;2430;2483;2542;2564;2610;2641;2666;2697;2739;2767;2827;2860;2908;2932;2965;2998;3036;3080;3140;3168;3196;3213;3242]
54,3,[10;34;55;83;122;147;194;214;246;275;297;325;349;374;402;428;454;486;517;552;582;608;633;669;703;740;771;800;837;888;916;945;986;1030;1084;1125;1170;1195;1229;1263;1290;1335;1369;1434;1460;1515;1582;1618;1651;1703;1737;1763;1789;1810;1841;1870;1922;1959;2005;2049;2076;2139;2199;2251;2290;2318;2363;2392;2431;2484;2543;2565;2611;2642;2667;2698;2740;2779;2828;2861;2909;2933;2967;2999;3038;3085;3141;3169;3214;3243]
55,3,[11;35;56;84;123;148;195;215;249;276;298;326;350;376;403;431;455;489;518;553;583;610;635;673;709;741;772;801;836;889;917;946;988;1032;1094;1126;1171;1196;1230;1264;1292;1336;1370;1437;1461;1516;1583;1619;1658;1704;1742;1765;1790;1811;1842;1883;1923;1973;2007;2050;2085;2150;2189;2253;2291;2319;2365;2393;2417;2485;2544;2566;2612;2647;2671;2699;2742;2780;2829;2862;2910;2934;2966;3000;3047;3098;3142;3170;3215;3250]
56,3,[12;36;59;85;124;160;196;216;250;277;299;327;348;380;404;432;457;490;519;555;584;609;640;670;710;742;773;802;840;890;925;947;989;1037;1095;1127;1172;1197;1231;1272;1293;1337;1371;1438;1462;1517;1584;1624;1663;1705;1740;1766;1794;1816;1839;1884;1924;1974;2008;2051;2086;2151;2200;2252;2292;2334;2367;2394;2432;2501;2545;2577;2613;2645;2675;2701;2741;2781;2830;2863;2912;2937;2968;3013;3048;3099;3143;3183;3217;3248]
57,3,[13;37;60;86;125;161;197;217;251;278;300;328;351;381;408;433;456;491;520;556;586;612;634;674;711;743;774;806;845;895;926;948;990;1038;1096;1129;1175;1199;1232;1273;1294;1340;1372;1439;1463;1523;1589;1625;1664;1706;1743;1767;1795;1820;1846;1886;1925;1975;2009;2052;2087;2152;2201;2256;2293;2335;2362;2395;2433;2492;2546;2578;2620;2650;2676;2707;2743;2786;2836;2864;2911;2941;2969;3007;3049;3100;3144;3188;3220;3252]
58,3,[14;38;61;87;126;162;198;220;253;279;301;329;353;382;413;437;458;494;525;557;587;613;641;675;712;744;775;807;846;896;927;949;991;1039;1098;1130;1177;1198;1233;1274;1301;1342;1377;1441;1464;1524;1590;1626;1665;1708;1744;1768;1796;1821;1843;1885;1926;1978;2023;2053;2088;2154;2211;2257;2295;2336;2364;2398;2434;2510;2547;2581;2621;2651;2677;2708;2744;2783;2837;2867;2914;2942;2973;3014;3053;3101;3145;3189;3216;3251]
59,3,[15;39;62;88;129;167;199;221;254;280;302;330;352;383;414;438;460;495;526;558;588;614;642;676;713;749;776;808;847;897;929;950;995;1043;1099;1131;1180;1203;1234;1277;1314;1343;1378;1445;1466;1525;1591;1628;1677;1713;1745;1773;1798;1822;1847;1907;1928;1980;2025;2054;2089;2156;2212;2263;2294;2338;2372;2400;2447;2530;2551;2580;2622;2652;2678;2709;2745;2788;2838;2883;2915;2940;2977;3015;3054;3106;3147;3190;3221;3253]
60,3,[16;40;65;89;136;168;202;222;255;282;305;331;354;387;415;439;465;496;527;561;589;620;649;677;715;755;777;813;849;900;928;951;996;1044;1100;1132;1176;1207;1235;1278;1315;1344;1379;1446;1477;1542;1592;1629;1681;1716;1747;1778;1799;1823;1848;1908;1929;1981;2024;2055;2090;2157;2213;2272;2300;2339;2373;2401;2448;2531;2552;2582;2625;2656;2679;2716;2746;2787;2842;2877;2916;2943;2979;3027;3055;3109;3148;3191;3222;3254]
61,3,[17;41;66;90;137;169;203;224;256;283;306;332;355;388;416;440;461;499;528;562;590;622;650;679;719;756;778;814;859;901;930;958;994;1045;1101;1133;1184;1208;1236;1279;1316;1345;1380;1447;1478;1543;1593;1630;1682;1717;1746;1779;1800;1824;1850;1909;1930;1982;2028;2061;2099;2158;2214;2273;2301;2340;2374;2405;2449;2532;2553;2583;2626;2654;2680;2717;2747;2795;2843;2884;2917;2947;2978;3025;3059;3111;3149;3194;3223;3257]
62,3,[18;42;70;91;138;183;204;225;257;284;307;335;356;389;417;442;467;500;529;563;591;621;651;680;714;757;786;815;878;902;932;970;1017;1047;1109;1142;1185;1209;1237;1280;1317;1356;1381;1418;1479;1544;1594;1637;1683;1718;1750;1780;1801;1825;1860;1910;1936;1989;2029;2062;2101;2159;2215;2274;2302;2341;2378;2406;2451;2534;2554;2584;2627;2657;2682;2718;2752;2796;2844;2885;2918;2948;2981;3028;3060;3110;3152;3195;3228;3258]
63,3,[21;47;71;92;139;184;205;226;258;287;310;336;366;390;418;443;468;506;530;564;597;623;652;681;720;758;784;820;879;905;933;971;1018;1048;1110;1143;1186;1214;1238;1282;1322;1357;1382;1448;1497;1545;1595;1638;1688;1723;1751;1781;1802;1826;1859;1911;1938;1990;2030;2063;2105;2160;2216;2275;2309;2342;2379;2407;2452;2535;2555;2592;2629;2655;2683;2719;2753;2797;2848;2895;2919;2949;2985;3029;3061;3119;3153;3199;3233;3262]
64,3,[22;48;72;99;140;185;206;229;263;288;311;337;367;391;419;444;469;507;535;567;598;624;661;684;721;763;787;823;880;907;934;972;1019;1049;1111;1144;1188;1215;1239;1284;1323;1358;1383;1449;1498;1568;1601;1636;1689;1724;1752;1782;1803;1833;1861;1912;1942;1991;2032;2066;2106;2164;2217;2284;2310;2343;2380;2410;2453;2536;2556;2595;2630;2658;2684;2722;2754;2799;2852;2896;2920;2950;2986;3030;3064;3121;3154;3200;3234;3263]
65,3,[23;49;75;100;141;188;207;235;266;289;312;338;368;394;421;445;475;508;536;575;599;625;662;697;722;764;788;824;881;906;935;973;1020;1058;1112;1145;1189;1216;1251;1283;1324;1360;1391;1450;1499;1569;1602;1643;1692;1725;1753;1785;1804;1834;1862;1915;1937;1992;2033;2069;2107;2165;2218;2280;2311;2344;2381;2411;2459;2537;2557;2596;2631;2659;2685;2723;2755;2810;2853;2897;2922;2951;2987;3031;3065;3123;3156;3201;3235;3264]
66,3,[24;50;76;101;142;189;208;236;267;290;314;339;369;395;422;447;476;509;537;576;600;627;663;698;729;765;789;825;882;911;939;974;1021;1059;1116;1152;1190;1221;1250;1285;1325;1363;1413;1453;1507;1570;1603;1644;1694;1732;1757;1759;1805;1835;1863;1864;1916;1947;1993;2034;2071;2121;2166;2222;2285;2312;2345;2382;2412;2460;2538;2559;2597;2632;2660;2686;2724;2756;2811;2845;2902;2921;2952;2989;3032;3066;3122;3158;3203;3238]
67,3,[29;51;77;111;143;190;209;237;268;291;315;340;370;396;423;448;477;510;542;577;601;628;665;699;734;767;790;827;883;912;940;975;1026;1060;1117;1153;1191;1222;1252;1286;1326;1365;1416;1451;1508;1574;1605;1645;1693;1734;1758;1784;1806;1836;1866;1917;1949;2000;2043;2072;2123;2177;2223;2286;2313;2346;2383;2402;2414;2461;2539;2560;2598;2634;2661;2687;2729;2757;2812;2854;2903;2926;2953;2993;3033;3077;3125;3157;3204;3239]
68,4,[0;18;40;62;95;115;170;215;252;280;332;355;382;412;438;459;484;509;547;588;623;646;678;710;774;797;828;876;911;941;979;1010;1046;1071;1098;1120;1160;1197;1233;1272;1292;1323;1341;1396;1443;1462;1510;1555;1598;1628;1658;1699;1737;1771;1811;1854;1900;1931;1965;2014;2058;2100;2156;2211;2236;2291;2320;2361;2394;2425;2461;2494;2526;2570;2596;2629;2662;2716;2764;2792;2812;2850;2887;2913;2940;2966;3006;3034;3052;3093;3153;3183;3219;3267;3313;3343;3373;3417;3476;3541;3594;3630;3669;3703;3738;3780;3838;3861;3907;3989;4039;4064;4105;4128;4146;4166;4191;4223;4257;4285;4325;4360;4389;4420]
69,4,[1;20;41;70;96;116;171;216;253;292;333;356;389;416;439;461;485;510;552;589;624;647;679;711;775;801;829;877;912;943;980;1012;1047;1072;1099;1122;1161;1198;1234;1273;1296;1324;1343;1397;1445;1463;1506;1556;1599;1629;1659;1700;1742;1772;1812;1855;1901;1932;1966;2015;2059;2103;2157;2213;2237;2292;2322;2365;2401;2426;2462;2495;2527;2571;2601;2633;2663;2724;2766;2793;2813;2851;2889;2916;2941;2967;3012;3035;3053;3111;3156;3185;3220;3273;3314;3342;3374;3416;3493;3543;3595;3634;3673;3705;3746;3782;3839;3864;3908;3990;4040;4066;4103;4129;4148;4167;4192;4225;4256;4287;4326;4361;4390;4421]
70,4,[2;21;42;71;97;119;172;227;254;293;334;357;391;417;440;467;486;525;553;591;629;648;683;731;776;802;853;878;914;944;981;1013;1048;1081;1101;1123;1162;1199;1235;1274;1297;1325;1344;1398;1447;1480;1512;1557;1602;1635;1660;1701;1743;1774;1813;1858;1902;1933;1975;2016;2060;2108;2163;2214;2242;2293;2321;2370;2403;2427;2463;2496;2528;2572;2603;2641;2664;2728;2772;2794;2816;2852;2890;2917;2942;2968;2998;3036;3059;3112;3157;3187;3221;3274;3317;3349;3375;3415;3501;3544;3596;3635;3674;3706;3747;3781;3840;3862;3909;4017;4041;4065;4106;4130;4150;4168;4197;4226;4259;4286;4330;4362;4398;4422]
71,4,[3;22;45;72;98;129;174;229;255;294;335;358;392;418;441;468;487;526;554;592;631;649;685;732;777;803;855;884;915;945;982;1014;1049;1083;1102;1124;1170;1200;1236;1277;1298;1326;1348;1399;1446;1481;1519;1558;1603;1636;1661;1702;1744;1773;1817;1872;1904;1936;1976;2029;2061;2118;2164;2215;2245;2294;2325;2372;2404;2429;2467;2497;2545;2573;2604;2643;2672;2729;2765;2795;2817;2854;2891;2918;2949;2972;3013;3037;3060;3113;3158;3189;3222;3275;3325;3350;3384;3422;3502;3545;3597;3636;3675;3707;3748;3789;3846;3866;3916;4018;4045;4068;4110;4131;4151;4169;4193;4227;4260;4290;4331;4367;4399;4423]
72,4,[4;23;46;73;99;130;175;230;256;295;339;359;393;420;444;469;488;527;555;593;632;650;686;733;778;804;856;885;916;950;997;1015;1050;1084;1103;1131;1171;1201;1237;1278;1299;1328;1345;1408;1448;1482;1520;1559;1604;1637;1662;1703;1748;1775;1820;1873;1905;1937;1977;2030;2062;2119;2165;2216;2246;2295;2334;2373;2405;2430;2468;2498;2538;2575;2605;2646;2676;2730;2774;2796;2818;2856;2892;2919;2950;2974;3014;3038;3061;3115;3159;3188;3223;3277;3326;3351;3385;3423;3503;3557;3602;3637;3679;3710;3749;3790;3843;3863;3917;3991;4046;4074;4111;4127;4153;4175;4201;4228;4261;4291;4332;4368;4396;4426]
73,4,[5;24;47;74;100;131;176;231;257;297;340;362;394;421;445;472;489;528;556;594;633;658;687;734;779;805;857;886;917;951;998;1016;1051;1085;1104;1132;1172;1202;1242;1279;1300;1329;1349;1410;1450;1483;1521;1562;1605;1638;1663;1704;1749;1781;1821;1874;1906;1938;1978;2031;2063;2120;2172;2217;2250;2296;2329;2371;2406;2431;2469;2500;2546;2578;2606;2647;2687;2732;2773;2799;2819;2857;2894;2920;2951;2973;3016;3039;3062;3118;3160;3191;3224;3289;3327;3354;3386;3424;3507;3558;3604;3638;3681;3711;3753;3791;3847;3868;3918;4019;4047;4075;4112;4132;4149;4176;4198;4229;4262;4292;4334;4366;4400;4427]
74,4,[6;25;48;75;101;138;178;235;258;298;341;363;395;422;446;473;493;529;557;602;634;659;695;750;780;806;859;887;918;952;999;1018;1052;1086;1105;1133;1178;1203;1246;1281;1301;1330;1350;1414;1449;1484;1525;1563;1606;1639;1664;1708;1750;1782;1822;1877;1912;1941;1992;2032;2078;2122;2174;2218;2244;2299;2336;2376;2407;2438;2470;2499;2547;2579;2607;2648;2691;2735;2775;2800;2828;2858;2895;2921;2953;2977;3017;3040;3063;3119;3161;3192;3230;3290;3328;3361;3376;3428;3508;3559;3603;3639;3680;3712;3754;3793;3848;3869;3932;4021;4049;4076;4114;4133;4152;4177;4209;4231;4263;4293;4333;4369;4397;4428]
75,4,[7;26;49;76;102;139;179;239;259;299;342;364;396;423;447;474;495;530;561;603;635;660;696;751;782;807;860;888;923;954;1001;1028;1058;1087;1109;1134;1180;1206;1247;1280;1302;1331;1351;1415;1451;1487;1526;1564;1607;1642;1669;1709;1752;1783;1830;1879;1916;1944;1993;2033;2079;2127;2173;2223;2257;2300;2337;2377;2410;2441;2473;2501;2548;2580;2614;2645;2692;2742;2776;2801;2835;2859;2896;2923;2954;2979;3018;3041;3064;3120;3162;3193;3225;3291;3331;3362;3387;3431;3509;3560;3612;3641;3682;3715;3765;3794;3849;3870;3935;4022;4051;4078;4115;4134;4155;4178;4210;4242;4265;4294;4346;4379;4401;4437]
76,4,[9;27;50;80;103;140;180;240;264;307;343;367;397;424;448;475;496;531;562;604;636;661;697;752;783;808;861;895;924;958;1002;1029;1059;1088;1111;1136;1179;1207;1248;1283;1303;1332;1361;1416;1452;1494;1527;1565;1608;1643;1679;1710;1754;1784;1831;1883;1917;1945;1994;2036;2080;2128;2194;2224;2258;2301;2338;2378;2411;2443;2474;2502;2552;2584;2617;2649;2694;2743;2778;2802;2837;2864;2899;2924;2955;2978;3019;3042;3065;3122;3163;3197;3231;3292;3332;3364;3390;3432;3510;3561;3613;3650;3683;3716;3767;3795;3851;3881;3936;4023;4052;4079;4116;4135;4154;4179;4211;4240;4264;4302;4344;4380;4402]
77,4,[10;29;53;82;105;141;181;241;267;308;344;368;398;425;449;476;497;532;563;606;637;662;701;756;784;809;866;896;925;959;1004;1030;1060;1089;1112;1137;1182;1208;1257;1284;1304;1333;1363;1428;1453;1495;1533;1588;1610;1644;1680;1711;1756;1785;1832;1878;1918;1946;1995;2037;2081;2129;2196;2225;2259;2302;2347;2384;2412;2448;2475;2509;2553;2585;2618;2650;2693;2744;2779;2803;2839;2865;2901;2925;2957;2980;3022;3043;3066;3124;3165;3198;3232;3293;3333;3363;3391;3433;3514;3562;3614;3651;3684;3717;3771;3798;3852;3882;3937;4025;4053;4081;4117;4136;4156;4180;4215;4241;4270;4320;4348;4381;4404]
78,4,[11;30;54;83;106;142;182;245;268;309;347;369;399;426;450;477;499;533;569;607;638;663;702;765;786;818;867;897;929;960;1005;1035;1061;1090;1113;1138;1183;1209;1263;1285;1305;1334;1362;1430;1455;1496;1534;1590;1620;1649;1681;1713;1757;1790;1838;1885;1920;1947;1996;2038;2082;2138;2199;2226;2262;2303;2348;2385;2413;2449;2481;2510;2554;2586;2619;2651;2696;2745;2780;2804;2836;2866;2900;2926;2958;2986;3024;3045;3067;3133;3164;3199;3244;3294;3335;3366;3392;3434;3519;3567;3619;3652;3686;3718;3772;3804;3853;3883;3955;4026;4056;4080;4120;4138;4157;4182;4216;4243;4271;4321;4349;4382;4405]
79,4,[12;31;55;84;107;143;183;246;269;321;348;370;400;428;451;478;500;536;576;608;639;664;703;766;787;821;868;905;930;963;1003;1036;1062;1093;1114;1139;1184;1210;1264;1286;1309;1335;1386;1431;1456;1498;1535;1589;1621;1650;1682;1715;1758;1802;1839;1886;1921;1956;1997;2040;2083;2139;2195;2230;2263;2305;2349;2386;2414;2450;2482;2511;2564;2587;2620;2652;2699;2752;2786;2806;2844;2867;2907;2929;2959;2989;3023;3046;3075;3143;3174;3209;3245;3297;3336;3367;3394;3444;3536;3574;3623;3653;3698;3719;3766;3803;3855;3884;3976;4030;4057;4083;4121;4139;4159;4184;4217;4246;4272;4322;4350;4384;4406]
80,4,[13;32;56;85;108;165;187;247;273;322;349;371;404;430;452;479;501;537;577;611;641;665;704;767;788;823;869;899;932;965;1006;1037;1063;1092;1115;1143;1185;1211;1265;1287;1313;1336;1387;1432;1457;1505;1536;1593;1622;1651;1683;1720;1759;1803;1840;1887;1922;1957;2005;2041;2085;2140;2200;2231;2264;2306;2350;2387;2415;2442;2483;2512;2565;2588;2621;2653;2700;2753;2787;2805;2840;2868;2908;2930;2961;2990;3025;3047;3076;3147;3175;3204;3246;3300;3337;3368;3401;3446;3537;3569;3624;3654;3700;3720;3773;3826;3856;3893;3977;4031;4058;4082;4122;4140;4160;4187;4218;4247;4273;4323;4352;4383;4408]
81,4,[14;33;57;86;109;166;188;248;276;323;350;372;405;431;454;481;502;538;578;615;642;673;706;768;789;824;871;906;931;975;1007;1039;1067;1094;1116;1144;1190;1212;1268;1288;1319;1337;1388;1440;1458;1507;1537;1594;1623;1653;1691;1721;1760;1804;1850;1888;1923;1958;2001;2042;2086;2152;2201;2232;2270;2307;2351;2389;2422;2457;2485;2513;2566;2589;2622;2654;2701;2754;2788;2807;2841;2875;2909;2931;2962;2991;3026;3048;3077;3148;3176;3210;3247;3301;3338;3369;3411;3462;3539;3585;3625;3655;3685;3724;3774;3827;3857;3895;3978;4032;4059;4100;4124;4142;4161;4183;4219;4248;4280;4324;4353;4385;4416]
82,4,[15;35;58;87;110;167;189;249;277;324;351;379;406;432;456;480;503;544;579;616;643;674;707;769;790;825;872;907;937;976;1008;1040;1068;1095;1117;1145;1191;1215;1270;1289;1320;1339;1389;1441;1459;1509;1546;1595;1624;1654;1693;1722;1761;1805;1851;1889;1924;1962;2006;2049;2093;2153;2205;2233;2287;2316;2353;2388;2418;2458;2488;2514;2567;2591;2624;2657;2708;2757;2789;2808;2846;2882;2910;2933;2963;2993;3027;3049;3082;3149;3180;3211;3252;3302;3339;3370;3412;3445;3533;3586;3626;3656;3701;3726;3775;3828;3858;3905;3979;4033;4061;4102;4123;4143;4163;4188;4220;4253;4282;4327;4354;4386;4417]
83,4,[16;38;60;91;111;168;191;250;278;325;352;380;410;433;457;482;504;545;581;617;644;675;708;770;795;826;873;908;939;977;1009;1041;1069;1096;1118;1149;1192;1232;1269;1290;1321;1342;1390;1442;1460;1508;1547;1596;1625;1655;1694;1735;1762;1806;1852;1890;1925;1963;2007;2052;2098;2154;2206;2234;2288;2317;2357;2392;2423;2459;2489;2518;2568;2594;2627;2658;2709;2758;2790;2810;2845;2885;2911;2934;2965;2997;3031;3050;3092;3151;3181;3214;3253;3307;3340;3371;3413;3463;3538;3582;3628;3657;3699;3727;3776;3831;3859;3894;3980;4034;4063;4104;4125;4144;4165;4190;4221;4254;4283;4328;4355;4387;4418]
84,4,[17;39;61;93;114;169;214;251;279;331;353;381;411;437;458;483;508;546;587;622;645;677;709;773;796;827;874;910;940;978;1011;1045;1070;1097;1119;1150;1196;1216;1271;1291;1322;1340;1391;1444;1461;1511;1548;1597;1627;1656;1695;1736;1770;1807;1853;1899;1930;1964;2011;2056;2099;2155;2207;2235;2289;2318;2352;2393;2424;2460;2490;2523;2569;2595;2628;2659;2710;2759;2791;2811;2847;2886;2912;2935;2964;2999;3033;3051;3094;3152;3182;3218;3254;3312;3341;3372;3414;3464;3540;3587;3629;3658;3702;3728;3779;3834;3860;3906;3988;4038;4060;4101;4126;4145;4164;4189;4222;4255;4284;4329;4356;4388;4419]
85,5,[2;40;71;114;155;199;237;260;293;326;349;387;412;448;483;513;558;596;616;635;657;690;714;733;768;785;816;849;874;903;927;966;986;1024;1049;1081;1118;1147;1170;1193;1218;1242;1281;1331;1367;1393;1415;1448;1470;1503;1530;1560;1598;1625;1658;1680;1713;1735;1764;1783;1808;1832;1852;1875;1901;1926;1948;1968;1989;2015;2037;2068;2100;2145;2166;2198;2224;2247;2282;2321;2346;2373;2397;2419;2447;2473;2514;2543;2566;2606;2627;2658;2698;2725;2748;2800;2839;2891;2913;2935;2979;3000;3028;3046;3095;3138;3176;3195;3216;3249;3256;3324;3363;3394;3425;3467;3507;3537;3566;3591;3655;3699;3728;3755;3776;3808;3829;3857;3896;3926;3954;3995;4030;4060;4082;4115;4163;4189;4215;4257;4291;4316;4374;4398;4426;4459;4490;4526;4566;4601;4626]
86,5,[3;41;72;115;157;210;238;263;295;327;352;392;413;450;484;514;559;597;617;638;662;691;717;734;769;787;817;850;875;904;934;967;988;1025;1047;1084;1119;1148;1171;1194;1220;1245;1285;1333;1369;1394;1418;1447;1471;1504;1532;1561;1599;1626;1659;1681;1714;1737;1765;1784;1809;1833;1855;1876;1902;1927;1949;1969;1990;2016;2038;2069;2101;2146;2169;2199;2225;2256;2283;2323;2347;2374;2398;2420;2448;2476;2516;2544;2568;2607;2628;2659;2696;2726;2752;2801;2846;2890;2914;2950;2983;3001;3030;3058;3096;3139;3178;3199;3223;3250;3295;3325;3365;3395;3426;3468;3512;3538;3567;3592;3656;3700;3729;3756;3777;3809;3830;3859;3900;3927;3952;4001;4031;4061;4086;4116;4164;4190;4218;4258;4292;4330;4375;4399;4428;4462;4491;4544;4572;4602;4627]
87,5,[4;42;78;116;158;211;239;266;294;328;353;393;414;451;485;515;568;598;618;639;663;692;718;735;770;796;819;851;876;905;935;968;987;1026;1050;1093;1123;1149;1175;1195;1219;1246;1286;1334;1370;1395;1419;1449;1472;1505;1534;1576;1597;1629;1660;1682;1715;1740;1766;1785;1810;1834;1856;1877;1903;1928;1950;1970;1991;2017;2036;2073;2104;2147;2170;2200;2227;2257;2284;2324;2349;2375;2402;2421;2453;2477;2515;2545;2567;2609;2626;2663;2699;2728;2753;2802;2840;2892;2916;2951;2982;3002;3031;3060;3097;3141;3180;3196;3225;3251;3296;3326;3367;3399;3428;3469;3513;3539;3568;3593;3657;3701;3731;3757;3779;3810;3832;3860;3901;3928;3955;3998;4032;4065;4089;4117;4166;4191;4219;4259;4296;4323;4376;4400;4432;4463;4492;4532;4573;4603;4631]
88,5,[16;43;79;117;159;212;241;269;305;329;354;394;417;452;492;518;569;599;619;640;664;696;719;736;771;797;820;856;877;909;936;970;995;1027;1051;1098;1124;1150;1176;1197;1223;1247;1287;1339;1371;1396;1420;1450;1473;1506;1536;1559;1600;1633;1661;1689;1716;1741;1767;1786;1811;1835;1857;1878;1904;1929;1951;1972;1996;2018;2039;2074;2105;2150;2171;2201;2228;2258;2286;2325;2350;2379;2401;2424;2454;2478;2518;2546;2579;2610;2630;2664;2700;2730;2754;2809;2847;2894;2917;2952;2985;3005;3032;3061;3098;3142;3177;3200;3224;3252;3297;3332;3369;3400;3434;3481;3514;3540;3571;3614;3672;3703;3733;3758;3778;3811;3836;3861;3902;3930;3959;4002;4034;4066;4090;4119;4165;4192;4220;4261;4293;4315;4377;4404;4433;4464;4493;4545;4574;4604;4630]
89,5,[17;50;80;124;164;216;242;270;307;330;356;395;418;455;493;519;570;600;620;641;666;697;720;737;772;795;821;858;880;910;941;971;996;1029;1052;1099;1125;1151;1177;1199;1225;1255;1300;1340;1372;1397;1421;1451;1478;1510;1535;1577;1603;1635;1662;1690;1717;1742;1768;1788;1812;1836;1859;1879;1906;1930;1952;1971;1997;2019;2040;2075;2106;2151;2174;2202;2229;2262;2293;2326;2351;2381;2403;2425;2455;2479;2519;2549;2580;2611;2629;2665;2701;2732;2763;2811;2848;2893;2915;2953;2986;3006;3034;3062;3099;3148;3181;3201;3226;3254;3298;3333;3370;3401;3440;3482;3515;3541;3572;3615;3673;3705;3734;3759;3782;3812;3837;3862;3907;3931;3956;4003;4035;4067;4091;4121;4167;4194;4224;4262;4297;4332;4379;4406;4434;4473;4494;4546;4571;4606;4632]
90,5,[18;51;81;125;165;217;243;271;310;331;372;399;419;456;494;520;571;601;622;642;667;698;721;738;773;798;822;859;881;911;942;972;997;1030;1054;1100;1126;1152;1179;1198;1226;1256;1301;1341;1373;1398;1424;1452;1479;1511;1542;1578;1604;1634;1664;1691;1718;1743;1769;1789;1813;1837;1860;1885;1905;1931;1953;1973;1998;2020;2047;2080;2108;2152;2172;2203;2231;2263;2295;2327;2352;2380;2404;2426;2456;2481;2520;2550;2581;2614;2639;2674;2702;2731;2765;2812;2841;2895;2925;2954;2987;3007;3035;3063;3100;3143;3182;3202;3227;3255;3299;3334;3371;3403;3441;3483;3520;3542;3573;3616;3674;3707;3735;3761;3783;3813;3838;3863;3908;3937;3966;4006;4036;4068;4098;4122;4173;4197;4225;4263;4298;4333;4381;4407;4435;4475;4497;4547;4575;4608;4634]
91,5,[23;52;84;126;166;218;244;272;311;335;373;400;420;457;495;530;575;602;623;645;668;701;722;742;774;799;823;860;883;912;948;973;998;1031;1055;1103;1127;1154;1180;1200;1227;1257;1302;1343;1374;1399;1428;1453;1480;1512;1543;1579;1607;1636;1663;1695;1719;1744;1771;1790;1814;1838;1861;1886;1914;1932;1954;1978;2000;2022;2048;2082;2110;2154;2176;2205;2232;2264;2296;2328;2353;2382;2405;2428;2457;2480;2521;2551;2587;2615;2640;2676;2706;2736;2764;2813;2854;2898;2927;2955;2984;3013;3036;3066;3101;3149;3183;3203;3228;3258;3300;3335;3372;3404;3442;3490;3523;3543;3575;3636;3676;3706;3736;3763;3784;3814;3840;3864;3897;3935;3968;4007;4037;4062;4099;4123;4174;4198;4226;4270;4299;4334;4382;4408;4437;4474;4505;4548;4576;4610;4635]
92,5,[24;58;96;127;169;219;246;274;313;336;374;401;422;458;496;533;576;606;624;646;669;702;723;743;775;800;824;861;884;913;955;974;1003;1033;1056;1106;1128;1155;1181;1201;1229;1259;1309;1350;1375;1400;1430;1454;1481;1513;1544;1582;1609;1637;1669;1698;1720;1745;1772;1792;1815;1839;1862;1887;1915;1933;1955;1974;1999;2023;2056;2081;2112;2155;2177;2206;2233;2266;2297;2331;2354;2383;2406;2437;2458;2491;2522;2552;2588;2616;2641;2675;2707;2737;2768;2818;2864;2899;2932;2963;2988;3010;3037;3067;3102;3150;3184;3198;3229;3259;3305;3345;3373;3413;3443;3491;3524;3545;3576;3637;3683;3712;3737;3764;3786;3815;3844;3866;3909;3932;3971;4008;4038;4070;4100;4127;4175;4199;4234;4275;4300;4341;4383;4412;4438;4476;4498;4550;4586;4609;4636]
93,5,[26;60;97;133;170;220;247;276;314;337;378;402;424;466;497;534;577;607;625;647;671;703;724;744;776;804;826;862;885;914;957;975;1004;1034;1061;1107;1132;1156;1182;1202;1230;1267;1310;1351;1376;1403;1429;1456;1484;1514;1545;1583;1608;1638;1670;1699;1722;1751;1773;1795;1816;1840;1863;1889;1916;1937;1957;1980;2001;2024;2057;2083;2111;2156;2178;2207;2234;2267;2306;2332;2355;2384;2407;2438;2459;2493;2523;2553;2589;2618;2643;2677;2708;2740;2774;2820;2863;2897;2934;2962;2990;3014;3038;3068;3110;3151;3185;3207;3230;3260;3306;3346;3374;3405;3444;3496;3525;3546;3577;3638;3684;3714;3740;3765;3785;3816;3845;3873;3910;3936;3972;4015;4042;4072;4105;4128;4178;4207;4238;4277;4301;4343;4384;4413;4439;4477;4513;4551;4587;4616;4637]
94,5,[27;61;98;134;171;221;248;275;315;340;380;403;432;468;498;535;578;608;626;649;672;704;725;745;777;805;827;863;886;916;958;976;1005;1035;1063;1108;1133;1157;1183;1203;1231;1269;1311;1356;1377;1404;1435;1459;1483;1515;1548;1584;1612;1639;1671;1700;1723;1752;1775;1796;1821;1841;1864;1890;1917;1935;1958;1981;2002;2025;2058;2084;2118;2157;2179;2212;2237;2265;2298;2333;2357;2386;2408;2439;2460;2494;2524;2554;2590;2617;2646;2678;2710;2738;2773;2819;2865;2900;2926;2971;2991;3015;3039;3071;3111;3161;3186;3208;3231;3274;3307;3347;3375;3415;3447;3497;3526;3547;3579;3639;3685;3715;3741;3762;3794;3817;3847;3876;3911;3940;3973;4018;4048;4073;4106;4129;4179;4203;4239;4276;4304;4347;4385;4414;4440;4478;4514;4552;4588;4617]
95,5,[28;62;99;135;172;226;249;283;317;342;379;404;436;467;499;541;579;609;628;650;675;705;726;746;778;806;837;864;888;917;959;978;1006;1036;1062;1109;1134;1158;1184;1205;1232;1270;1314;1357;1385;1405;1436;1460;1489;1520;1546;1588;1610;1640;1672;1703;1724;1753;1774;1797;1818;1842;1865;1891;1919;1939;1959;1982;2003;2026;2059;2089;2124;2159;2180;2213;2238;2269;2308;2337;2356;2385;2409;2440;2461;2495;2525;2555;2594;2619;2647;2683;2712;2741;2779;2824;2866;2904;2930;2972;2992;3020;3040;3070;3120;3162;3187;3209;3232;3282;3308;3348;3378;3414;3448;3498;3527;3548;3581;3640;3686;3716;3738;3766;3801;3818;3846;3877;3912;3941;3967;4020;4050;4071;4107;4130;4180;4210;4240;4278;4305;4342;4386;4415;4443;4481;4515;4553;4593;4618]
96,5,[29;63;104;137;175;227;254;284;318;343;381;405;437;469;505;542;583;610;629;651;676;706;727;753;779;807;843;865;889;918;960;980;1007;1037;1064;1112;1136;1159;1185;1206;1233;1271;1315;1358;1386;1407;1437;1461;1490;1524;1547;1589;1611;1644;1673;1704;1732;1754;1776;1798;1822;1843;1866;1893;1918;1940;1960;1983;2004;2027;2060;2090;2119;2158;2185;2214;2239;2270;2310;2338;2360;2388;2411;2441;2463;2496;2526;2556;2592;2620;2648;2685;2711;2743;2780;2826;2867;2905;2933;2974;2993;3022;3043;3072;3121;3163;3190;3210;3240;3283;3311;3349;3379;3412;3449;3499;3528;3549;3580;3641;3687;3718;3742;3768;3802;3819;3851;3878;3916;3939;3982;4021;4052;4074;4108;4138;4181;4211;4251;4281;4306;4348;4387;4417;4446;4482;4516;4557;4594;4619]
97,5,[30;64;108;138;182;228;255;285;319;344;382;407;438;479;507;543;586;611;630;653;677;709;728;759;780;808;839;866;890;919;961;982;1008;1038;1067;1113;1141;1164;1186;1207;1234;1266;1316;1361;1387;1408;1438;1462;1491;1525;1553;1590;1614;1650;1674;1705;1729;1756;1777;1802;1823;1844;1868;1894;1920;1942;1961;1984;2007;2028;2061;2091;2125;2160;2184;2217;2240;2271;2311;2339;2361;2389;2414;2442;2462;2500;2527;2558;2595;2621;2651;2684;2716;2742;2787;2827;2868;2906;2941;2975;2995;3023;3044;3073;3122;3165;3191;3211;3242;3284;3309;3356;3380;3416;3454;3489;3530;3555;3582;3644;3688;3721;3743;3769;3803;3820;3852;3880;3918;3946;3983;4022;4053;4075;4109;4139;4182;4213;4252;4279;4309;4349;4388;4418;4447;4483;4519;4558;4595;4620]
98,5,[31;67;110;139;192;229;256;286;320;345;383;408;440;480;510;546;587;612;631;654;678;710;729;761;781;809;844;867;891;920;962;979;1009;1039;1070;1114;1142;1165;1187;1208;1235;1272;1326;1362;1388;1411;1443;1463;1492;1526;1554;1591;1615;1651;1675;1706;1728;1757;1778;1804;1824;1848;1869;1895;1921;1941;1962;1985;2006;2030;2062;2092;2126;2161;2186;2220;2241;2277;2312;2340;2362;2390;2415;2443;2464;2502;2528;2559;2597;2622;2652;2688;2717;2744;2793;2828;2869;2909;2936;2961;2994;3024;3045;3087;3128;3164;3192;3212;3241;3285;3310;3357;3381;3417;3456;3500;3529;3562;3586;3646;3689;3723;3744;3770;3804;3825;3848;3881;3917;3947;3984;4026;4054;4077;4110;4140;4183;4214;4254;4282;4311;4369;4394;4419;4448;4484;4521;4559;4596;4621]
99,5,[37;68;111;150;196;234;257;287;321;346;384;409;444;477;511;555;588;613;632;655;679;711;730;762;782;810;845;868;892;922;963;983;1010;1041;1071;1115;1143;1166;1190;1209;1237;1273;1328;1363;1389;1412;1444;1464;1496;1527;1555;1592;1616;1652;1676;1707;1733;1758;1779;1793;1825;1850;1870;1897;1922;1945;1965;1986;2008;2034;2063;2093;2128;2162;2192;2221;2242;2278;2315;2341;2363;2392;2416;2444;2465;2503;2529;2560;2598;2623;2653;2689;2718;2745;2794;2836;2870;2910;2918;2976;2997;3027;3047;3069;3135;3166;3188;3213;3243;3286;3317;3358;3382;3418;3455;3504;3531;3563;3587;3647;3690;3724;3750;3771;3805;3826;3853;3879;3919;3951;3989;4027;4057;4076;4112;4161;4185;4216;4243;4283;4310;4370;4395;4420;4449;4480;4523;4564;4597;4622]
100,5,[38;69;112;153;197;235;258;288;324;347;386;410;445;481;506;556;595;614;633;656;688;712;731;763;783;811;846;869;893;923;964;984;1011;1042;1072;1116;1145;1168;1191;1210;1240;1279;1329;1365;1391;1413;1445;1465;1501;1528;1556;1593;1621;1656;1678;1711;1734;1762;1781;1805;1830;1851;1873;1898;1924;1946;1966;1987;2012;2035;2064;2094;2129;2164;2194;2222;2245;2280;2316;2342;2364;2393;2417;2445;2471;2504;2541;2561;2599;2624;2656;2690;2719;2746;2795;2837;2887;2912;2940;2977;2998;3026;3056;3088;3136;3174;3193;3214;3247;3287;3322;3362;3383;3423;3457;3505;3535;3564;3588;3648;3696;3725;3753;3772;3806;3827;3855;3882;3920;3948;3993;4028;4058;4080;4113;4152;4186;4212;4255;4288;4312;4354;4396;4424;4451;4485;4522;4562;4598;4624]
101,5,[39;70;113;154;198;236;259;289;325;348;385;411;446;482;512;557;593;615;634;658;689;713;732;767;784;815;848;871;902;924;965;985;1019;1043;1076;1117;1146;1169;1192;1211;1241;1280;1330;1366;1392;1414;1446;1466;1502;1529;1558;1596;1624;1657;1677;1712;1736;1763;1782;1806;1831;1849;1874;1899;1925;1947;1967;1988;2014;2029;2067;2099;2130;2165;2193;2223;2246;2281;2317;2345;2365;2396;2418;2446;2472;2513;2542;2562;2605;2625;2657;2697;2724;2747;2796;2838;2889;2911;2942;2978;2999;3029;3057;3089;3137;3175;3194;3215;3248;3290;3323;3364;3393;3424;3458;3506;3536;3565;3589;3654;3697;3727;3754;3773;3807;3828;3856;3895;3923;3953;3994;4029;4059;4081;4114;4162;4188;4217;4256;4290;4313;4371;4397;4425;4450;4489;4524;4565;4599;4625]
102,6,[0;44;91;166;205;229;278;301;335;365;399;441;469;495;543;585;632;661;683;713;736;762;798;830;863;897;918;945;984;1020;1053;1082;1125;1165;1189;1252;1290;1318;1360;1390;1453;1494;1542;1586;1606;1648;1679;1722;1762;1792;1812;1848;1883;1910;1943;1974;2012;2080;2137;2166;2260;2291;2341;2383;2431;2462;2528;2562;2602;2666;2693;2741;2773;2803;2836;2885;2926;2972;3008;3046;3083;3123;3154]
103,6,[2;46;92;167;206;236;279;302;340;366;409;442;470;496;544;586;633;662;687;714;739;763;810;831;864;898;922;944;989;1021;1054;1084;1130;1166;1190;1253;1291;1319;1361;1397;1450;1508;1543;1587;1616;1649;1685;1721;1763;1793;1813;1849;1884;1911;1944;1988;2030;2082;2138;2167;2259;2292;2342;2384;2432;2463;2518;2563;2603;2667;2694;2742;2772;2804;2840;2884;2928;2977;3011;3047;3084;3124;3159]
104,6,[3;48;94;168;207;237;282;303;341;368;410;446;471;497;545;603;634;663;688;715;740;764;812;834;865;899;923;950;990;1027;1057;1081;1131;1169;1206;1254;1293;1322;1362;1398;1454;1512;1544;1588;1617;1651;1694;1724;1764;1794;1814;1850;1888;1912;1945;1993;2031;2086;2139;2169;2267;2299;2343;2385;2434;2470;2529;2564;2605;2668;2698;2743;2775;2805;2842;2886;2927;2978;3012;3048;3087;3125;3161]
105,6,[4;49;96;169;208;238;283;304;342;369;411;447;477;498;546;604;635;665;689;716;741;765;811;842;866;902;924;957;991;1028;1058;1104;1132;1171;1207;1255;1294;1323;1367;1407;1455;1518;1545;1589;1618;1652;1695;1725;1766;1795;1815;1851;1889;1913;1948;1994;2032;2093;2148;2171;2268;2300;2346;2398;2433;2471;2530;2565;2621;2671;2707;2749;2777;2806;2843;2895;2937;2979;3014;3051;3088;3132;3160]
106,6,[5;50;97;170;209;248;284;305;343;370;415;448;478;499;547;605;637;664;693;717;746;766;815;844;867;901;926;958;995;1029;1059;1105;1135;1170;1208;1256;1295;1324;1368;1412;1467;1519;1560;1590;1626;1653;1696;1726;1767;1796;1820;1852;1890;1916;1949;1995;2037;2094;2149;2172;2269;2301;2347;2399;2443;2472;2538;2570;2625;2669;2709;2750;2778;2812;2844;2896;2947;2980;3015;3052;3090;3133;3169]
107,6,[6;57;98;179;210;255;285;306;344;371;416;449;479;500;548;613;638;666;692;718;744;776;816;845;875;904;925;959;996;1034;1060;1106;1136;1172;1221;1257;1296;1325;1370;1413;1468;1520;1564;1591;1628;1656;1699;1727;1768;1797;1823;1857;1891;1917;1950;1996;2038;2095;2150;2168;2271;2305;2348;2400;2444;2476;2539;2569;2626;2670;2710;2751;2779;2814;2850;2897;2955;2983;3013;3053;3091;3134;3170]
108,6,[7;58;122;180;212;256;286;307;345;372;417;454;480;503;549;614;639;667;695;720;747;778;817;846;876;903;928;961;997;1035;1063;1107;1137;1174;1222;1259;1297;1326;1376;1414;1469;1522;1565;1592;1627;1658;1703;1729;1771;1798;1824;1858;1893;1918;1952;1997;2039;2120;2153;2173;2272;2308;2355;2401;2445;2477;2540;2571;2628;2672;2711;2753;2790;2815;2851;2900;2956;2988;3016;3057;3089;3135;3171]
109,6,[9;59;151;181;213;257;287;308;346;373;419;459;481;513;550;615;640;668;696;721;748;779;818;847;877;906;929;963;1000;1036;1064;1108;1138;1173;1223;1260;1307;1327;1377;1432;1470;1526;1567;1593;1632;1659;1704;1730;1772;1799;1825;1859;1892;1919;1953;2000;2057;2121;2154;2174;2262;2309;2356;2415;2448;2478;2545;2582;2629;2674;2712;2756;2792;2816;2852;2898;2957;2987;3027;3058;3092;3136]
110,6,[11;69;153;183;214;264;288;312;347;377;420;460;482;514;553;616;641;670;697;722;749;780;819;848;884;907;930;965;1001;1040;1067;1109;1155;1175;1224;1266;1308;1328;1369;1433;1471;1527;1566;1594;1633;1661;1705;1731;1773;1802;1826;1860;1895;1920;1954;2001;2058;2122;2155;2175;2273;2310;2357;2416;2447;2479;2547;2576;2632;2675;2713;2757;2791;2817;2853;2901;2958;2993;3028;3059;3093;3137]
111,6,[12;70;154;186;217;266;289;313;348;378;421;461;484;515;554;619;647;671;700;724;750;787;820;849;885;908;931;966;1002;1042;1068;1110;1156;1176;1228;1276;1309;1339;1378;1434;1472;1528;1568;1595;1634;1662;1709;1732;1775;1803;1827;1861;1896;1921;1955;2002;2059;2123;2157;2176;2274;2314;2360;2418;2450;2480;2546;2583;2633;2676;2714;2758;2794;2822;2862;2902;2963;2994;3029;3060;3094;3138]
112,6,[13;71;155;187;218;268;290;314;350;379;427;462;485;519;555;625;648;672;701;723;751;788;821;850;886;909;934;967;1003;1043;1069;1113;1157;1177;1229;1277;1311;1340;1383;1435;1473;1531;1569;1596;1635;1663;1710;1743;1776;1805;1828;1862;1897;1922;1962;2004;2071;2124;2156;2188;2276;2316;2361;2420;2449;2481;2548;2584;2634;2683;2716;2761;2795;2823;2863;2903;2965;2995;3030;3061;3095;3146]
113,6,[18;72;156;188;220;269;291;315;351;380;429;463;486;520;565;626;649;677;702;725;752;789;822;852;887;910;935;969;1014;1048;1073;1114;1159;1178;1230;1278;1312;1341;1384;1436;1474;1532;1570;1597;1636;1660;1711;1744;1777;1806;1830;1871;1899;1923;1963;2005;2074;2125;2158;2198;2277;2315;2362;2421;2453;2494;2554;2585;2652;2684;2718;2762;2796;2824;2864;2912;2966;2998;3031;3062;3101;3147]
114,6,[27;73;157;194;223;270;292;316;355;381;428;464;487;521;566;627;650;678;703;726;753;791;823;854;892;911;936;970;1015;1044;1077;1115;1160;1179;1231;1279;1313;1347;1385;1438;1475;1533;1572;1599;1638;1667;1714;1745;1782;1804;1831;1872;1903;1924;1964;2006;2075;2129;2159;2200;2278;2331;2363;2422;2454;2495;2555;2588;2653;2685;2731;2763;2797;2825;2868;2913;2967;3000;3032;3063;3111;3148]
115,6,[28;81;158;198;224;274;293;317;356;382;431;465;488;522;567;628;657;679;704;731;754;793;825;855;893;912;938;971;1016;1049;1075;1116;1161;1180;1236;1280;1314;1349;1386;1439;1476;1536;1573;1600;1639;1668;1715;1752;1784;1807;1832;1879;1904;1931;1965;2008;2076;2130;2160;2199;2283;2332;2373;2423;2455;2496;2556;2590;2654;2686;2734;2768;2798;2826;2873;2914;2968;3001;3035;3064;3112;3149]
116,6,[29;82;162;200;225;275;294;321;357;383;430;466;489;523;570;629;658;680;705;732;756;794;826;856;894;913;939;977;1017;1050;1079;1117;1162;1181;1237;1281;1315;1350;1387;1448;1478;1537;1574;1601;1640;1669;1716;1755;1783;1808;1833;1880;1905;1936;1966;2009;2077;2131;2162;2207;2288;2333;2378;2424;2459;2507;2559;2592;2664;2687;2735;2769;2799;2827;2874;2923;2969;3002;3036;3076;3113;3150]
117,6,[42;83;163;199;227;276;297;333;363;397;436;467;490;536;581;630;659;681;706;733;757;795;827;857;895;914;940;978;1018;1051;1078;1123;1163;1182;1238;1288;1316;1351;1388;1451;1479;1538;1584;1604;1646;1670;1717;1753;1785;1810;1838;1881;1907;1937;1972;2010;2078;2132;2164;2258;2289;2339;2379;2426;2460;2517;2560;2591;2665;2688;2736;2770;2801;2835;2875;2924;2970;3007;3037;3081;3114;3151]
118,6,[43;90;164;204;228;277;300;334;364;398;440;468;494;542;584;631;660;682;707;734;758;797;829;858;896;915;943;979;1019;1052;1080;1124;1164;1188;1251;1289;1317;1357;1389;1452;1480;1540;1585;1605;1647;1671;1720;1754;1786;1811;1847;1882;1909;1938;1973;2011;2079;2133;2165;2251;2290;2340;2380;2425;2461;2519;2561;2601;2627;2692;2737;2771;2802;2837;2883;2925;2971;3009;3038;3082;3115;3152]
119,7,[2;43;78;114;190;237;266;294;332;389;438;458;554;623;657;699;753;787;824;880;912;955;978;1016;1046;1073;1114;1143;1174;1205;1239;1302;1352;1415;1459;1497;1541;1571;1617;1646;1704;1737;1778;1812;1844;1884;1957;1990;2030;2109;2147;2196;2246;2322;2357;2395;2444;2485;2509;2540;2601;2675;2735;2773;2798;2831;2885;2921]
120,7,[3;51;83;122;191;238;271;295;333;390;439;467;555;624;658;710;754;788;825;881;921;956;981;1017;1047;1077;1115;1144;1175;1209;1240;1303;1356;1418;1461;1498;1543;1572;1619;1663;1705;1738;1779;1813;1845;1885;1964;1992;2031;2111;2148;2198;2247;2323;2365;2396;2456;2486;2511;2547;2602;2676;2737;2774;2799;2832;2886;2922]
121,7,[4;52;84;130;192;239;272;296;334;391;440;468;558;629;659;714;758;792;832;882;922;957;982;1022;1050;1078;1116;1148;1176;1210;1241;1304;1365;1419;1462;1499;1542;1573;1620;1664;1706;1739;1780;1814;1846;1886;1965;1993;2032;2117;2149;2208;2238;2328;2366;2402;2457;2487;2512;2548;2603;2678;2738;2775;2800;2836;2888;2923]
122,7,[7;53;85;144;206;247;273;297;355;404;442;469;559;630;663;715;759;793;828;885;923;958;983;1024;1051;1079;1117;1149;1178;1211;1242;1306;1366;1420;1421;1463;1504;1545;1575;1621;1665;1707;1740;1783;1816;1851;1904;1966;1995;2057;2118;2164;2209;2259;2329;2367;2414;2458;2488;2513;2549;2624;2679;2742;2777;2808;2839;2887]
123,7,[16;56;86;145;207;248;275;298;356;406;443;470;560;631;664;716;752;794;833;886;930;960;993;1023;1052;1080;1118;1150;1179;1215;1249;1307;1367;1423;1466;1511;1546;1576;1622;1667;1711;1731;1741;1791;1825;1852;1913;1967;1996;2058;2119;2165;2210;2267;2330;2372;2411;2459;2489;2515;2569;2625;2680;2743;2778;2809;2841;2891]
124,7,[17;58;89;146;208;249;276;299;357;407;444;471;565;632;665;721;760;795;835;887;931;962;994;1032;1053;1081;1119;1152;1180;1214;1250;1308;1369;1376;1468;1512;1547;1577;1623;1666;1712;1742;1792;1828;1853;1914;1968;1997;2059;2123;2166;2178;2211;2268;2331;2373;2415;2461;2490;2516;2570;2626;2683;2744;2781;2810;2840;2896]
125,7,[18;59;90;150;212;251;277;300;358;408;445;472;566;639;677;722;764;796;834;888;932;963;995;1033;1054;1088;1120;1153;1187;1216;1253;1325;1370;1424;1467;1513;1551;1584;1624;1670;1713;1744;1794;1829;1854;1915;1970;1998;2060;2129;2172;2197;2214;2269;2332;2374;2416;2462;2491;2517;2571;2640;2686;2745;2782;2813;2845;2897]
126,7,[29;60;91;151;213;253;279;301;371;424;446;473;567;640;679;723;765;797;836;894;933;964;996;1034;1055;1089;1122;1154;1188;1217;1252;1327;1371;1426;1469;1514;1554;1585;1631;1676;1714;1749;1795;1830;1855;1917;1971;1999;2066;2130;2173;2215;2274;2342;2375;2417;2463;2492;2507;2518;2572;2641;2687;2747;2783;2814;2846;2898]
127,7,[30;61;92;152;214;252;280;305;372;425;447;478;571;641;686;730;766;801;837;895;938;965;997;1037;1058;1090;1124;1155;1189;1220;1254;1326;1374;1427;1471;1519;1556;1586;1636;1690;1715;1750;1797;1833;1856;1918;1972;2009;2067;2131;2174;2216;2275;2345;2381;2418;2465;2493;2521;2539;2583;2664;2688;2746;2784;2815;2847;2900]
128,7,[31;62;93;154;215;258;281;316;375;426;448;474;576;642;678;731;775;802;838;896;944;969;998;1038;1059;1092;1125;1157;1192;1221;1263;1328;1375;1428;1472;1523;1557;1603;1637;1691;1716;1751;1793;1835;1860;1943;1978;2011;2068;2136;2179;2225;2276;2343;2382;2421;2467;2497;2522;2584;2645;2701;2751;2785;2816;2873;2904]
129,7,[33;63;97;161;216;259;283;317;376;429;449;475;577;644;688;739;776;806;840;897;945;970;1002;1039;1060;1093;1126;1158;1194;1222;1251;1329;1377;1442;1473;1524;1558;1604;1638;1692;1728;1755;1798;1836;1857;1949;1973;2010;2072;2137;2180;2226;2277;2346;2383;2423;2466;2498;2523;2588;2665;2702;2752;2786;2817;2876;2905]
130,7,[34;64;101;173;217;260;284;318;377;430;452;479;578;645;689;740;777;807;854;903;946;971;1003;1040;1061;1094;1127;1159;1193;1223;1264;1330;1407;1443;1489;1525;1559;1605;1639;1693;1729;1756;1796;1837;1861;1950;1982;2017;2088;2138;2181;2227;2291;2349;2385;2424;2468;2499;2525;2587;2666;2703;2766;2787;2821;2877;2906]
131,7,[35;71;102;174;219;261;289;326;379;431;453;480;580;646;690;741;779;808;860;900;950;972;1004;1041;1063;1095;1128;1162;1200;1229;1265;1336;1408;1444;1490;1526;1560;1606;1640;1694;1730;1757;1803;1838;1862;1951;1983;2018;2104;2139;2184;2236;2292;2350;2389;2425;2469;2501;2530;2585;2667;2716;2753;2792;2822;2878;2907]
132,7,[39;72;103;175;220;262;290;327;380;432;454;481;616;653;695;742;780;819;861;904;951;974;1005;1042;1064;1096;1134;1164;1201;1231;1270;1337;1409;1445;1491;1527;1561;1607;1641;1695;1732;1762;1804;1839;1869;1953;1984;2019;2105;2140;2185;2237;2310;2351;2390;2426;2473;2504;2531;2586;2639;2719;2761;2793;2823;2879;2908]
133,7,[40;73;109;181;229;263;291;328;381;433;455;482;617;654;696;743;781;820;862;905;952;975;1010;1043;1065;1108;1136;1165;1202;1230;1271;1338;1411;1446;1492;1535;1562;1608;1643;1697;1733;1772;1805;1840;1876;1954;1985;2022;2106;2141;2186;2240;2311;2356;2391;2431;2474;2505;2532;2589;2668;2725;2768;2794;2824;2880;2918]
134,7,[41;76;112;182;230;264;292;329;382;434;456;522;618;655;697;744;783;821;870;906;953;976;1014;1044;1071;1112;1135;1166;1203;1237;1272;1350;1413;1447;1494;1536;1568;1615;1644;1698;1734;1776;1806;1842;1877;1956;1989;2023;2107;2145;2194;2239;2312;2344;2392;2443;2475;2506;2537;2590;2671;2734;2767;2795;2829;2883;2920]
135,7,[42;77;113;183;231;265;293;330;383;436;457;553;622;656;698;745;786;823;879;907;954;977;1015;1045;1072;1113;1142;1167;1204;1238;1290;1351;1414;1422;1493;1537;1569;1616;1645;1699;1735;1777;1811;1843;1878;1955;1991;2024;2108;2146;2195;2245;2321;2364;2394;2445;2478;2508;2538;2591;2674;2736;2772;2796;2830;2884;2919]
